dataset_index,path,plane,true_idx,pred_idx,pred_class,correct,no_tumor_probability,tumor_probability,predicted_tumor_pixels,total_pixels,false_tumor_area_ratio,empty_prediction,false_tumor_detection,max_segmentation_probability,mean_segmentation_probability
560,D:\brain_tumor\🧠 Brain Tumor MRI Dataset\classification_task\test\no_tumor\brisc2025_test_00561_no_ax_t1.jpg,axial,3,3,no_tumor,True,0.9999949932098389,4.923741471429821e-06,0,65536,0.0,True,False,0.014785407111048698,0.0071820784360170364
561,D:\brain_tumor\🧠 Brain Tumor MRI Dataset\classification_task\test\no_tumor\brisc2025_test_00562_no_ax_t1.jpg,axial,3,3,no_tumor,True,0.9999963045120239,3.7260765566315968e-06,0,65536,0.0,True,False,0.023689469322562218,0.00759523781016469
562,D:\brain_tumor\🧠 Brain Tumor MRI Dataset\classification_task\test\no_tumor\brisc2025_test_00563_no_ax_t1.jpg,axial,3,3,no_tumor,True,0.9999971389770508,2.8880638183181873e-06,0,65536,0.0,True,False,0.03283695504069328,0.007914362475275993
563,D:\brain_tumor\🧠 Brain Tumor MRI Dataset\classification_task\test\no_tumor\brisc2025_test_00564_no_ax_t1.jpg,axial,3,3,no_tumor,True,0.999996542930603,3.4385827802907443e-06,0,65536,0.0,True,False,0.021044565364718437,0.007525349967181683
564,D:\brain_tumor\🧠 Brain Tumor MRI Dataset\classification_task\test\no_tumor\brisc2025_test_00565_no_ax_t1.jpg,axial,3,3,no_tumor,True,0.9999972581863403,2.783743639156455e-06,0,65536,0.0,True,False,0.2806163728237152,0.00893876887857914
565,D:\brain_tumor\🧠 Brain Tumor MRI Dataset\classification_task\test\no_tumor\brisc2025_test_00566_no_ax_t1.jpg,axial,3,3,no_tumor,True,0.9999972581863403,2.6771233478939394e-06,0,65536,0.0,True,False,0.02748069167137146,0.008362621068954468
566,D:\brain_tumor\🧠 Brain Tumor MRI Dataset\classification_task\test\no_tumor\brisc2025_test_00567_no_ax_t1.jpg,axial,3,3,no_tumor,True,0.9999971389770508,2.7651781238091644e-06,0,65536,0.0,True,False,0.03126191347837448,0.007968837395310402
567,D:\brain_tumor\🧠 Brain Tumor MRI Dataset\classification_task\test\no_tumor\brisc2025_test_00568_no_ax_t1.jpg,axial,3,3,no_tumor,True,0.999996542930603,3.477782229310833e-06,0,65536,0.0,True,False,0.04146226868033409,0.008595972321927547
568,D:\brain_tumor\🧠 Brain Tumor MRI Dataset\classification_task\test\no_tumor\brisc2025_test_00569_no_ax_t1.jpg,axial,3,3,no_tumor,True,0.9999964237213135,3.4977276754943887e-06,0,65536,0.0,True,False,0.02595735713839531,0.00849644374102354
569,D:\brain_tumor\🧠 Brain Tumor MRI Dataset\classification_task\test\no_tumor\brisc2025_test_00570_no_ax_t1.jpg,axial,3,3,no_tumor,True,0.9999963045120239,3.7479107959370594e-06,0,65536,0.0,True,False,0.012722708284854889,0.008435295894742012
570,D:\brain_tumor\🧠 Brain Tumor MRI Dataset\classification_task\test\no_tumor\brisc2025_test_00571_no_ax_t1.jpg,axial,3,3,no_tumor,True,0.9999966621398926,3.416364052100107e-06,0,65536,0.0,True,False,0.01214717049151659,0.008406518027186394
571,D:\brain_tumor\🧠 Brain Tumor MRI Dataset\classification_task\test\no_tumor\brisc2025_test_00572_no_ax_t1.jpg,axial,3,3,no_tumor,True,0.9999969005584717,3.093334044024232e-06,0,65536,0.0,True,False,0.015603534877300262,0.008097260259091854
572,D:\brain_tumor\🧠 Brain Tumor MRI Dataset\classification_task\test\no_tumor\brisc2025_test_00573_no_ax_t1.jpg,axial,3,3,no_tumor,True,0.9999966621398926,3.3933433769561816e-06,0,65536,0.0,True,False,0.015603534877300262,0.008453411981463432
573,D:\brain_tumor\🧠 Brain Tumor MRI Dataset\classification_task\test\no_tumor\brisc2025_test_00574_no_ax_t1.jpg,axial,3,3,no_tumor,True,0.999996542930603,3.387400511201122e-06,0,65536,0.0,True,False,0.012288597412407398,0.008313221856951714
574,D:\brain_tumor\🧠 Brain Tumor MRI Dataset\classification_task\test\no_tumor\brisc2025_test_00575_no_ax_t1.jpg,axial,3,3,no_tumor,True,0.9999967813491821,3.2741818358772434e-06,0,65536,0.0,True,False,0.012624948285520077,0.008199786767363548
575,D:\brain_tumor\🧠 Brain Tumor MRI Dataset\classification_task\test\no_tumor\brisc2025_test_00576_no_ax_t1.jpg,axial,3,3,no_tumor,True,0.9999966621398926,3.288294010417303e-06,0,65536,0.0,True,False,0.012479699216783047,0.0081596365198493
576,D:\brain_tumor\🧠 Brain Tumor MRI Dataset\classification_task\test\no_tumor\brisc2025_test_00577_no_ax_t1.jpg,axial,3,3,no_tumor,True,0.9999969005584717,3.0567166504624765e-06,0,65536,0.0,True,False,0.019643761217594147,0.008195399306714535
577,D:\brain_tumor\🧠 Brain Tumor MRI Dataset\classification_task\test\no_tumor\brisc2025_test_00578_no_ax_t1.jpg,axial,3,3,no_tumor,True,0.9999966621398926,3.325375018903287e-06,0,65536,0.0,True,False,0.01652955636382103,0.007980898953974247
578,D:\brain_tumor\🧠 Brain Tumor MRI Dataset\classification_task\test\no_tumor\brisc2025_test_00579_no_ax_t1.jpg,axial,3,3,no_tumor,True,0.9999966621398926,3.419371068957844e-06,0,65536,0.0,True,False,0.01572399213910103,0.008035790175199509
579,D:\brain_tumor\🧠 Brain Tumor MRI Dataset\classification_task\test\no_tumor\brisc2025_test_00580_no_ax_t1.jpg,axial,3,3,no_tumor,True,0.9999964237213135,3.542743343132315e-06,0,65536,0.0,True,False,0.015967654064297676,0.00826016440987587
580,D:\brain_tumor\🧠 Brain Tumor MRI Dataset\classification_task\test\no_tumor\brisc2025_test_00581_no_ax_t1.jpg,axial,3,3,no_tumor,True,0.9999964237213135,3.4706483802438015e-06,0,65536,0.0,True,False,0.012527932412922382,0.008265523239970207
581,D:\brain_tumor\🧠 Brain Tumor MRI Dataset\classification_task\test\no_tumor\brisc2025_test_00582_no_ax_t1.jpg,axial,3,3,no_tumor,True,0.9999966621398926,3.23655490319652e-06,0,65536,0.0,True,False,0.037326887249946594,0.00766332633793354
582,D:\brain_tumor\🧠 Brain Tumor MRI Dataset\classification_task\test\no_tumor\brisc2025_test_00583_no_ax_t1.jpg,axial,3,3,no_tumor,True,0.9999960660934448,3.89104570786003e-06,0,65536,0.0,True,False,0.020567094907164574,0.007281987927854061
583,D:\brain_tumor\🧠 Brain Tumor MRI Dataset\classification_task\test\no_tumor\brisc2025_test_00584_no_ax_t1.jpg,axial,3,3,no_tumor,True,0.9999961853027344,3.835758434433956e-06,0,65536,0.0,True,False,0.055208683013916016,0.007299266289919615
584,D:\brain_tumor\🧠 Brain Tumor MRI Dataset\classification_task\test\no_tumor\brisc2025_test_00585_no_ax_t1.jpg,axial,3,3,no_tumor,True,0.9999969005584717,3.0719149890501285e-06,0,65536,0.0,True,False,0.01784873753786087,0.008112962357699871
585,D:\brain_tumor\🧠 Brain Tumor MRI Dataset\classification_task\test\no_tumor\brisc2025_test_00586_no_ax_t1.jpg,axial,3,3,no_tumor,True,0.9999943971633911,5.638829861709382e-06,0,65536,0.0,True,False,0.015365341678261757,0.006977720186114311
586,D:\brain_tumor\🧠 Brain Tumor MRI Dataset\classification_task\test\no_tumor\brisc2025_test_00587_no_ax_t1.jpg,axial,3,3,no_tumor,True,0.9999964237213135,3.589585958252428e-06,0,65536,0.0,True,False,0.018475592136383057,0.007560322526842356
587,D:\brain_tumor\🧠 Brain Tumor MRI Dataset\classification_task\test\no_tumor\brisc2025_test_00588_no_ax_t1.jpg,axial,3,3,no_tumor,True,0.9999886751174927,1.1286535482213367e-05,0,65536,0.0,True,False,0.009340023621916771,0.006759914569556713
588,D:\brain_tumor\🧠 Brain Tumor MRI Dataset\classification_task\test\no_tumor\brisc2025_test_00589_no_ax_t1.jpg,axial,3,3,no_tumor,True,0.9999555349349976,4.448764229891822e-05,0,65536,0.0,True,False,0.009232213720679283,0.005969145335257053
589,D:\brain_tumor\🧠 Brain Tumor MRI Dataset\classification_task\test\no_tumor\brisc2025_test_00590_no_ax_t1.jpg,axial,3,3,no_tumor,True,0.9999953508377075,4.582147084875032e-06,0,65536,0.0,True,False,0.08137363195419312,0.0078486492857337
590,D:\brain_tumor\🧠 Brain Tumor MRI Dataset\classification_task\test\no_tumor\brisc2025_test_00591_no_ax_t1.jpg,axial,3,3,no_tumor,True,0.9999967813491821,3.2602654300717404e-06,0,65536,0.0,True,False,0.08850465714931488,0.007837552577257156
591,D:\brain_tumor\🧠 Brain Tumor MRI Dataset\classification_task\test\no_tumor\brisc2025_test_00592_no_ax_t1.jpg,axial,3,3,no_tumor,True,0.9999958276748657,4.228790203342214e-06,0,65536,0.0,True,False,0.01358439214527607,0.008325650356709957
592,D:\brain_tumor\🧠 Brain Tumor MRI Dataset\classification_task\test\no_tumor\brisc2025_test_00593_no_ax_t1.jpg,axial,3,3,no_tumor,True,0.9999957084655762,4.320914740674198e-06,0,65536,0.0,True,False,0.012821214273571968,0.008388032205402851
593,D:\brain_tumor\🧠 Brain Tumor MRI Dataset\classification_task\test\no_tumor\brisc2025_test_00594_no_ax_t1.jpg,axial,3,3,no_tumor,True,0.9999938011169434,6.22309880782268e-06,0,65536,0.0,True,False,0.011158031411468983,0.007889019325375557
594,D:\brain_tumor\🧠 Brain Tumor MRI Dataset\classification_task\test\no_tumor\brisc2025_test_00595_no_ax_t1.jpg,axial,3,3,no_tumor,True,0.9999951124191284,4.813507075596135e-06,0,65536,0.0,True,False,0.015014749020338058,0.007777372375130653
595,D:\brain_tumor\🧠 Brain Tumor MRI Dataset\classification_task\test\no_tumor\brisc2025_test_00596_no_ax_t1.jpg,axial,3,3,no_tumor,True,0.9999945163726807,5.417448846856132e-06,0,65536,0.0,True,False,0.018689308315515518,0.008195508271455765
596,D:\brain_tumor\🧠 Brain Tumor MRI Dataset\classification_task\test\no_tumor\brisc2025_test_00597_no_ax_t1.jpg,axial,3,3,no_tumor,True,0.9999949932098389,5.07320555698243e-06,0,65536,0.0,True,False,0.1041124016046524,0.008108590729534626
597,D:\brain_tumor\🧠 Brain Tumor MRI Dataset\classification_task\test\no_tumor\brisc2025_test_00598_no_ax_t1.jpg,axial,3,3,no_tumor,True,0.999994158744812,5.812716608488699e-06,0,65536,0.0,True,False,0.024703869596123695,0.008022621273994446
598,D:\brain_tumor\🧠 Brain Tumor MRI Dataset\classification_task\test\no_tumor\brisc2025_test_00599_no_ax_t1.jpg,axial,3,3,no_tumor,True,0.9999948740005493,5.074251021142118e-06,0,65536,0.0,True,False,0.025565214455127716,0.008097358047962189
599,D:\brain_tumor\🧠 Brain Tumor MRI Dataset\classification_task\test\no_tumor\brisc2025_test_00600_no_ax_t1.jpg,axial,3,3,no_tumor,True,0.9999959468841553,4.0601012187835295e-06,0,65536,0.0,True,False,0.013020490296185017,0.007988104596734047
600,D:\brain_tumor\🧠 Brain Tumor MRI Dataset\classification_task\test\no_tumor\brisc2025_test_00601_no_ax_t1.jpg,axial,3,3,no_tumor,True,0.9999951124191284,4.842187081521843e-06,0,65536,0.0,True,False,0.016914913430809975,0.008545119315385818
601,D:\brain_tumor\🧠 Brain Tumor MRI Dataset\classification_task\test\no_tumor\brisc2025_test_00602_no_ax_t1.jpg,axial,3,3,no_tumor,True,0.9999949932098389,5.059202976553934e-06,0,65536,0.0,True,False,0.017442485317587852,0.007802485954016447
602,D:\brain_tumor\🧠 Brain Tumor MRI Dataset\classification_task\test\no_tumor\brisc2025_test_00603_no_ax_t1.jpg,axial,3,3,no_tumor,True,0.9999960660934448,3.967490556533448e-06,0,65536,0.0,True,False,0.015130727551877499,0.00832892395555973
603,D:\brain_tumor\🧠 Brain Tumor MRI Dataset\classification_task\test\no_tumor\brisc2025_test_00604_no_ax_t1.jpg,axial,3,3,no_tumor,True,0.9999892711639404,1.0722100341808982e-05,0,65536,0.0,True,False,0.01805533468723297,0.007601190358400345
604,D:\brain_tumor\🧠 Brain Tumor MRI Dataset\classification_task\test\no_tumor\brisc2025_test_00605_no_ax_t1.jpg,axial,3,3,no_tumor,True,0.9999960660934448,3.907205154973781e-06,0,65536,0.0,True,False,0.013636835850775242,0.00846787914633751
605,D:\brain_tumor\🧠 Brain Tumor MRI Dataset\classification_task\test\no_tumor\brisc2025_test_00606_no_ax_t1.jpg,axial,3,3,no_tumor,True,0.9999858140945435,1.424884521838976e-05,0,65536,0.0,True,False,0.013636835850775242,0.006986877880990505
606,D:\brain_tumor\🧠 Brain Tumor MRI Dataset\classification_task\test\no_tumor\brisc2025_test_00607_no_ax_t1.jpg,axial,3,3,no_tumor,True,0.9999953508377075,4.657245426642476e-06,0,65536,0.0,True,False,0.012771867215633392,0.008222895674407482
607,D:\brain_tumor\🧠 Brain Tumor MRI Dataset\classification_task\test\no_tumor\brisc2025_test_00608_no_ax_t1.jpg,axial,3,3,no_tumor,True,0.9999969005584717,3.0952098768466385e-06,0,65536,0.0,True,False,0.16844618320465088,0.008075274527072906
608,D:\brain_tumor\🧠 Brain Tumor MRI Dataset\classification_task\test\no_tumor\brisc2025_test_00609_no_ax_t1.jpg,axial,3,3,no_tumor,True,0.9999951124191284,4.893160621577408e-06,0,65536,0.0,True,False,0.012821214273571968,0.008069660514593124
609,D:\brain_tumor\🧠 Brain Tumor MRI Dataset\classification_task\test\no_tumor\brisc2025_test_00610_no_ax_t1.jpg,axial,3,3,no_tumor,True,0.9999960660934448,3.891575943271164e-06,0,65536,0.0,True,False,0.013689476065337658,0.008679804392158985
610,D:\brain_tumor\🧠 Brain Tumor MRI Dataset\classification_task\test\no_tumor\brisc2025_test_00611_no_ax_t1.jpg,axial,3,3,no_tumor,True,0.9999943971633911,5.6958169807330705e-06,0,65536,0.0,True,False,0.014281935058534145,0.008335882797837257
611,D:\brain_tumor\🧠 Brain Tumor MRI Dataset\classification_task\test\no_tumor\brisc2025_test_00612_no_ax_t1.jpg,axial,3,3,no_tumor,True,0.9999951124191284,4.831912519875914e-06,0,65536,0.0,True,False,0.011777842417359352,0.00783191155642271
612,D:\brain_tumor\🧠 Brain Tumor MRI Dataset\classification_task\test\no_tumor\brisc2025_test_00613_no_co_t1.jpg,coronal,3,3,no_tumor,True,0.9999947547912598,5.231069735600613e-06,0,65536,0.0,True,False,0.019870713353157043,0.007193434983491898
613,D:\brain_tumor\🧠 Brain Tumor MRI Dataset\classification_task\test\no_tumor\brisc2025_test_00614_no_co_t1.jpg,coronal,3,3,no_tumor,True,0.9999932050704956,6.901716460561147e-06,0,65536,0.0,True,False,0.011687257327139378,0.007005250081419945
614,D:\brain_tumor\🧠 Brain Tumor MRI Dataset\classification_task\test\no_tumor\brisc2025_test_00615_no_co_t1.jpg,coronal,3,3,no_tumor,True,0.9999961853027344,3.826155079877935e-06,0,65536,0.0,True,False,0.018124720081686974,0.007253607269376516
615,D:\brain_tumor\🧠 Brain Tumor MRI Dataset\classification_task\test\no_tumor\brisc2025_test_00616_no_co_t1.jpg,coronal,3,3,no_tumor,True,0.9999927282333374,7.176103281381074e-06,0,65536,0.0,True,False,0.01384861022233963,0.007136194966733456
616,D:\brain_tumor\🧠 Brain Tumor MRI Dataset\classification_task\test\no_tumor\brisc2025_test_00617_no_co_t1.jpg,coronal,3,3,no_tumor,True,0.9999961853027344,3.7805330066476017e-06,0,65536,0.0,True,False,0.021532878279685974,0.007333347108215094
617,D:\brain_tumor\🧠 Brain Tumor MRI Dataset\classification_task\test\no_tumor\brisc2025_test_00618_no_co_t1.jpg,coronal,3,3,no_tumor,True,0.9999958276748657,4.209287908452097e-06,0,65536,0.0,True,False,0.018124720081686974,0.007229147478938103
618,D:\brain_tumor\🧠 Brain Tumor MRI Dataset\classification_task\test\no_tumor\brisc2025_test_00619_no_co_t1.jpg,coronal,3,3,no_tumor,True,0.9999966621398926,3.29810859511781e-06,0,65536,0.0,True,False,0.014447852037847042,0.007440624758601189
619,D:\brain_tumor\🧠 Brain Tumor MRI Dataset\classification_task\test\no_tumor\brisc2025_test_00620_no_co_t1.jpg,coronal,3,3,no_tumor,True,0.9999966621398926,3.309395879114163e-06,0,65536,0.0,True,False,0.01384861022233963,0.007634035311639309
620,D:\brain_tumor\🧠 Brain Tumor MRI Dataset\classification_task\test\no_tumor\brisc2025_test_00621_no_co_t1.jpg,coronal,3,3,no_tumor,True,0.9999967813491821,3.205968823749572e-06,0,65536,0.0,True,False,0.01678548939526081,0.0075758714228868484
621,D:\brain_tumor\🧠 Brain Tumor MRI Dataset\classification_task\test\no_tumor\brisc2025_test_00622_no_co_t1.jpg,coronal,3,3,no_tumor,True,0.9999964237213135,3.527900389599381e-06,0,65536,0.0,True,False,0.012336100451648235,0.007401840761303902
622,D:\brain_tumor\🧠 Brain Tumor MRI Dataset\classification_task\test\no_tumor\brisc2025_test_00623_no_co_t1.jpg,coronal,3,3,no_tumor,True,0.9999970197677612,2.9843383799743606e-06,0,65536,0.0,True,False,0.027585282921791077,0.007619479671120644
623,D:\brain_tumor\🧠 Brain Tumor MRI Dataset\classification_task\test\no_tumor\brisc2025_test_00624_no_co_t1.jpg,coronal,3,3,no_tumor,True,0.9999969005584717,3.0868159228703007e-06,0,65536,0.0,True,False,0.04054073989391327,0.008097870275378227
624,D:\brain_tumor\🧠 Brain Tumor MRI Dataset\classification_task\test\no_tumor\brisc2025_test_00625_no_co_t1.jpg,coronal,3,3,no_tumor,True,0.9999971389770508,2.7769001462729648e-06,0,65536,0.0,True,False,0.015483989380300045,0.007986308075487614
625,D:\brain_tumor\🧠 Brain Tumor MRI Dataset\classification_task\test\no_tumor\brisc2025_test_00626_no_co_t1.jpg,coronal,3,3,no_tumor,True,0.9999971389770508,2.9524899218813516e-06,0,65536,0.0,True,False,0.021532878279685974,0.007976435124874115
626,D:\brain_tumor\🧠 Brain Tumor MRI Dataset\classification_task\test\no_tumor\brisc2025_test_00627_no_co_t1.jpg,coronal,3,3,no_tumor,True,0.9999967813491821,3.162547272950178e-06,0,65536,0.0,True,False,0.01609087362885475,0.007644387893378735
627,D:\brain_tumor\🧠 Brain Tumor MRI Dataset\classification_task\test\no_tumor\brisc2025_test_00628_no_co_t1.jpg,coronal,3,3,no_tumor,True,0.9999971389770508,2.8822219064750243e-06,0,65536,0.0,True,False,0.02931223064661026,0.008274015039205551
628,D:\brain_tumor\🧠 Brain Tumor MRI Dataset\classification_task\test\no_tumor\brisc2025_test_00629_no_co_t1.jpg,coronal,3,3,no_tumor,True,0.9999970197677612,2.9729519610555144e-06,0,65536,0.0,True,False,0.014615669846534729,0.008084462955594063
629,D:\brain_tumor\🧠 Brain Tumor MRI Dataset\classification_task\test\no_tumor\brisc2025_test_00630_no_co_t1.jpg,coronal,3,3,no_tumor,True,0.9999967813491821,3.2135408218891826e-06,0,65536,0.0,True,False,0.022201230749487877,0.00784736406058073
630,D:\brain_tumor\🧠 Brain Tumor MRI Dataset\classification_task\test\no_tumor\brisc2025_test_00631_no_co_t1.jpg,coronal,3,3,no_tumor,True,0.9999970197677612,2.9554948923760094e-06,0,65536,0.0,True,False,0.018761085346341133,0.007958265952765942
631,D:\brain_tumor\🧠 Brain Tumor MRI Dataset\classification_task\test\no_tumor\brisc2025_test_00632_no_co_t1.jpg,coronal,3,3,no_tumor,True,0.9999970197677612,3.0069468266447075e-06,0,65536,0.0,True,False,0.026056302711367607,0.008021395653486252
632,D:\brain_tumor\🧠 Brain Tumor MRI Dataset\classification_task\test\no_tumor\brisc2025_test_00633_no_co_t1.jpg,coronal,3,3,no_tumor,True,0.9999970197677612,3.0497562875098083e-06,0,65536,0.0,True,False,0.019345102831721306,0.008119135163724422
633,D:\brain_tumor\🧠 Brain Tumor MRI Dataset\classification_task\test\no_tumor\brisc2025_test_00634_no_co_t1.jpg,coronal,3,3,no_tumor,True,0.9999967813491821,3.2075618037197273e-06,0,65536,0.0,True,False,0.014503579586744308,0.008430635556578636
634,D:\brain_tumor\🧠 Brain Tumor MRI Dataset\classification_task\test\no_tumor\brisc2025_test_00635_no_co_t1.jpg,coronal,3,3,no_tumor,True,0.9999966621398926,3.3723595151968766e-06,0,65536,0.0,True,False,0.01342825498431921,0.0075938026420772076
635,D:\brain_tumor\🧠 Brain Tumor MRI Dataset\classification_task\test\no_tumor\brisc2025_test_00636_no_co_t1.jpg,coronal,3,3,no_tumor,True,0.9999969005584717,3.0998050988273462e-06,0,65536,0.0,True,False,0.015365341678261757,0.008122268132865429
636,D:\brain_tumor\🧠 Brain Tumor MRI Dataset\classification_task\test\no_tumor\brisc2025_test_00637_no_co_t1.jpg,coronal,3,3,no_tumor,True,0.9999966621398926,3.3407100090698805e-06,0,65536,0.0,True,False,0.01750955730676651,0.008282207883894444
637,D:\brain_tumor\🧠 Brain Tumor MRI Dataset\classification_task\test\no_tumor\brisc2025_test_00638_no_co_t1.jpg,coronal,3,3,no_tumor,True,0.9999971389770508,2.8553654374263715e-06,0,65536,0.0,True,False,0.018194368109107018,0.008023690432310104
638,D:\brain_tumor\🧠 Brain Tumor MRI Dataset\classification_task\test\no_tumor\brisc2025_test_00639_no_co_t1.jpg,coronal,3,3,no_tumor,True,0.9999967813491821,3.3303754207736347e-06,0,65536,0.0,True,False,0.014672035351395607,0.007750668562948704
639,D:\brain_tumor\🧠 Brain Tumor MRI Dataset\classification_task\test\no_tumor\brisc2025_test_00640_no_co_t1.jpg,coronal,3,3,no_tumor,True,0.999996542930603,3.5225984902353957e-06,0,65536,0.0,True,False,0.012336100451648235,0.008497879840433598
640,D:\brain_tumor\🧠 Brain Tumor MRI Dataset\classification_task\test\no_tumor\brisc2025_test_00641_no_co_t1.jpg,coronal,3,3,no_tumor,True,0.9999966621398926,3.2791836019896436e-06,0,65536,0.0,True,False,0.012431650422513485,0.00789200235158205
641,D:\brain_tumor\🧠 Brain Tumor MRI Dataset\classification_task\test\no_tumor\brisc2025_test_00642_no_co_t1.jpg,coronal,3,3,no_tumor,True,0.9999969005584717,3.0726566819794243e-06,0,65536,0.0,True,False,0.015306354500353336,0.007802261039614677
642,D:\brain_tumor\🧠 Brain Tumor MRI Dataset\classification_task\test\no_tumor\brisc2025_test_00643_no_co_t1.jpg,coronal,3,3,no_tumor,True,0.9999969005584717,3.1191921152640134e-06,0,65536,0.0,True,False,0.01384861022233963,0.008227442391216755
643,D:\brain_tumor\🧠 Brain Tumor MRI Dataset\classification_task\test\no_tumor\brisc2025_test_00644_no_co_t1.jpg,coronal,3,3,no_tumor,True,0.9999969005584717,3.1014392334327567e-06,0,65536,0.0,True,False,0.016466174274683,0.008598022162914276
644,D:\brain_tumor\🧠 Brain Tumor MRI Dataset\classification_task\test\no_tumor\brisc2025_test_00645_no_co_t1.jpg,coronal,3,3,no_tumor,True,0.9999969005584717,3.1457038858206943e-06,0,65536,0.0,True,False,0.01897803694009781,0.008202657103538513
645,D:\brain_tumor\🧠 Brain Tumor MRI Dataset\classification_task\test\no_tumor\brisc2025_test_00646_no_co_t1.jpg,coronal,3,3,no_tumor,True,0.9999967813491821,3.2655939321557526e-06,0,65536,0.0,True,False,0.013121271505951881,0.007675699889659882
646,D:\brain_tumor\🧠 Brain Tumor MRI Dataset\classification_task\test\no_tumor\brisc2025_test_00647_no_co_t1.jpg,coronal,3,3,no_tumor,True,0.9999969005584717,3.1101399144972675e-06,0,65536,0.0,True,False,0.013480102643370628,0.008560631424188614
647,D:\brain_tumor\🧠 Brain Tumor MRI Dataset\classification_task\test\no_tumor\brisc2025_test_00648_no_co_t1.jpg,coronal,3,3,no_tumor,True,0.9999971389770508,2.8936756280018017e-06,0,65536,0.0,True,False,0.01634012721478939,0.00783141516149044
648,D:\brain_tumor\🧠 Brain Tumor MRI Dataset\classification_task\test\no_tumor\brisc2025_test_00649_no_co_t1.jpg,coronal,3,3,no_tumor,True,0.9999970197677612,2.989445874845842e-06,0,65536,0.0,True,False,0.018124720081686974,0.008151358924806118
649,D:\brain_tumor\🧠 Brain Tumor MRI Dataset\classification_task\test\no_tumor\brisc2025_test_00650_no_co_t1.jpg,coronal,3,3,no_tumor,True,0.9999966621398926,3.2849566196091473e-06,0,65536,0.0,True,False,0.012431650422513485,0.007493780925869942
650,D:\brain_tumor\🧠 Brain Tumor MRI Dataset\classification_task\test\no_tumor\brisc2025_test_00651_no_co_t1.jpg,coronal,3,3,no_tumor,True,0.9999972581863403,2.800037236738717e-06,0,65536,0.0,True,False,0.012479699216783047,0.008014041930437088
651,D:\brain_tumor\🧠 Brain Tumor MRI Dataset\classification_task\test\no_tumor\brisc2025_test_00652_no_co_t1.jpg,coronal,3,3,no_tumor,True,0.9999970197677612,3.034806468349416e-06,0,65536,0.0,True,False,0.013742320239543915,0.008219238370656967
652,D:\brain_tumor\🧠 Brain Tumor MRI Dataset\classification_task\test\no_tumor\brisc2025_test_00653_no_co_t1.jpg,coronal,3,3,no_tumor,True,0.9999970197677612,2.972321226479835e-06,0,65536,0.0,True,False,0.014227046631276608,0.008210426196455956
653,D:\brain_tumor\🧠 Brain Tumor MRI Dataset\classification_task\test\no_tumor\brisc2025_test_00654_no_co_t1.jpg,coronal,3,3,no_tumor,True,0.9999969005584717,3.083959200012032e-06,0,65536,0.0,True,False,0.013325147330760956,0.008050089702010155
654,D:\brain_tumor\🧠 Brain Tumor MRI Dataset\classification_task\test\no_tumor\brisc2025_test_00655_no_co_t1.jpg,coronal,3,3,no_tumor,True,0.9999967813491821,3.1418041999131674e-06,0,65536,0.0,True,False,0.015072628855705261,0.007526902481913567
655,D:\brain_tumor\🧠 Brain Tumor MRI Dataset\classification_task\test\no_tumor\brisc2025_test_00656_no_co_t1.jpg,coronal,3,3,no_tumor,True,0.9999929666519165,7.05354250385426e-06,0,65536,0.0,True,False,0.012920473702251911,0.007060001604259014
656,D:\brain_tumor\🧠 Brain Tumor MRI Dataset\classification_task\test\no_tumor\brisc2025_test_00657_no_co_t1.jpg,coronal,3,3,no_tumor,True,0.9999970197677612,2.9347081635933137e-06,0,65536,0.0,True,False,0.03321117162704468,0.007895318791270256
657,D:\brain_tumor\🧠 Brain Tumor MRI Dataset\classification_task\test\no_tumor\brisc2025_test_00658_no_co_t1.jpg,coronal,3,3,no_tumor,True,0.9999939203262329,6.124688297859393e-06,0,65536,0.0,True,False,0.019050899893045425,0.006870916113257408
658,D:\brain_tumor\🧠 Brain Tumor MRI Dataset\classification_task\test\no_tumor\brisc2025_test_00659_no_co_t1.jpg,coronal,3,3,no_tumor,True,0.9999953508377075,4.543533577816561e-06,0,65536,0.0,True,False,0.01833445206284523,0.0069092391058802605
659,D:\brain_tumor\🧠 Brain Tumor MRI Dataset\classification_task\test\no_tumor\brisc2025_test_00660_no_co_t1.jpg,coronal,3,3,no_tumor,True,0.9999953508377075,4.543533577816561e-06,0,65536,0.0,True,False,0.01833445206284523,0.0069092391058802605
660,D:\brain_tumor\🧠 Brain Tumor MRI Dataset\classification_task\test\no_tumor\brisc2025_test_00661_no_sa_t1.jpg,sagittal,3,3,no_tumor,True,0.999996542930603,3.394969780856627e-06,0,65536,0.0,True,False,0.020177319645881653,0.0076767741702497005
661,D:\brain_tumor\🧠 Brain Tumor MRI Dataset\classification_task\test\no_tumor\brisc2025_test_00662_no_sa_t1.jpg,sagittal,3,3,no_tumor,True,0.9999966621398926,3.2899147299758624e-06,0,65536,0.0,True,False,0.03185885399580002,0.007860807701945305
662,D:\brain_tumor\🧠 Brain Tumor MRI Dataset\classification_task\test\no_tumor\brisc2025_test_00663_no_sa_t1.jpg,sagittal,3,3,no_tumor,True,0.9999963045120239,3.636244400695432e-06,0,65536,0.0,True,False,0.016466174274683,0.007424687966704369
663,D:\brain_tumor\🧠 Brain Tumor MRI Dataset\classification_task\test\no_tumor\brisc2025_test_00664_no_sa_t1.jpg,sagittal,3,3,no_tumor,True,0.9999970197677612,3.0495687042275677e-06,0,65536,0.0,True,False,0.016466174274683,0.0077192289754748344
664,D:\brain_tumor\🧠 Brain Tumor MRI Dataset\classification_task\test\no_tumor\brisc2025_test_00665_no_sa_t1.jpg,sagittal,3,3,no_tumor,True,0.9999967813491821,3.3085600534832338e-06,0,65536,0.0,True,False,0.01590639166533947,0.007608773186802864
665,D:\brain_tumor\🧠 Brain Tumor MRI Dataset\classification_task\test\no_tumor\brisc2025_test_00666_no_sa_t1.jpg,sagittal,3,3,no_tumor,True,0.9999969005584717,3.1157228477241006e-06,0,65536,0.0,True,False,0.015967654064297676,0.007838141173124313
666,D:\brain_tumor\🧠 Brain Tumor MRI Dataset\classification_task\test\no_tumor\brisc2025_test_00667_no_sa_t1.jpg,sagittal,3,3,no_tumor,True,0.9999967813491821,3.149281837977469e-06,0,65536,0.0,True,False,0.015247589908540249,0.0076626939699053764
667,D:\brain_tumor\🧠 Brain Tumor MRI Dataset\classification_task\test\no_tumor\brisc2025_test_00668_no_sa_t1.jpg,sagittal,3,3,no_tumor,True,0.9999969005584717,3.08931385006872e-06,0,65536,0.0,True,False,0.015072628855705261,0.007761804386973381
668,D:\brain_tumor\🧠 Brain Tumor MRI Dataset\classification_task\test\no_tumor\brisc2025_test_00669_no_sa_t1.jpg,sagittal,3,3,no_tumor,True,0.9999967813491821,3.298404408269562e-06,0,65536,0.0,True,False,0.018124720081686974,0.007902717217803001
669,D:\brain_tumor\🧠 Brain Tumor MRI Dataset\classification_task\test\no_tumor\brisc2025_test_00670_no_sa_t1.jpg,sagittal,3,3,no_tumor,True,0.9999966621398926,3.2707812351873145e-06,0,65536,0.0,True,False,0.018124720081686974,0.00809698086231947
670,D:\brain_tumor\🧠 Brain Tumor MRI Dataset\classification_task\test\no_tumor\brisc2025_test_00671_no_sa_t1.jpg,sagittal,3,3,no_tumor,True,0.999996542930603,3.427748879403225e-06,0,65536,0.0,True,False,0.017309095710515976,0.007917419075965881
671,D:\brain_tumor\🧠 Brain Tumor MRI Dataset\classification_task\test\no_tumor\brisc2025_test_00672_no_sa_t1.jpg,sagittal,3,3,no_tumor,True,0.9999966621398926,3.3180460832227254e-06,0,65536,0.0,True,False,0.018264278769493103,0.007906651124358177
672,D:\brain_tumor\🧠 Brain Tumor MRI Dataset\classification_task\test\no_tumor\brisc2025_test_00673_no_sa_t1.jpg,sagittal,3,3,no_tumor,True,0.9999969005584717,3.196130592186819e-06,0,65536,0.0,True,False,0.01805533468723297,0.007817390374839306
673,D:\brain_tumor\🧠 Brain Tumor MRI Dataset\classification_task\test\no_tumor\brisc2025_test_00674_no_sa_t1.jpg,sagittal,3,3,no_tumor,True,0.9999960660934448,3.913718046533177e-06,0,65536,0.0,True,False,0.016721142455935478,0.008245918899774551
674,D:\brain_tumor\🧠 Brain Tumor MRI Dataset\classification_task\test\no_tumor\brisc2025_test_00675_no_sa_t1.jpg,sagittal,3,3,no_tumor,True,0.9999960660934448,3.989891411038116e-06,0,65536,0.0,True,False,0.0140095679089427,0.008280344307422638
675,D:\brain_tumor\🧠 Brain Tumor MRI Dataset\classification_task\test\no_tumor\brisc2025_test_00676_no_sa_t1.jpg,sagittal,3,3,no_tumor,True,0.999996542930603,3.5346783988643438e-06,0,65536,0.0,True,False,0.015663648024201393,0.008027195930480957
676,D:\brain_tumor\🧠 Brain Tumor MRI Dataset\classification_task\test\no_tumor\brisc2025_test_00677_no_sa_t1.jpg,sagittal,3,3,no_tumor,True,0.9999964237213135,3.610432713685441e-06,0,65536,0.0,True,False,0.026056302711367607,0.008008046075701714
677,D:\brain_tumor\🧠 Brain Tumor MRI Dataset\classification_task\test\no_tumor\brisc2025_test_00678_no_sa_t1.jpg,sagittal,3,3,no_tumor,True,0.999996542930603,3.4554700505395886e-06,0,65536,0.0,True,False,0.023065226152539253,0.007883252575993538
678,D:\brain_tumor\🧠 Brain Tumor MRI Dataset\classification_task\test\no_tumor\brisc2025_test_00679_no_sa_t1.jpg,sagittal,3,3,no_tumor,True,0.9999964237213135,3.5855464375345036e-06,0,65536,0.0,True,False,0.03308597952127457,0.00783743616193533
679,D:\brain_tumor\🧠 Brain Tumor MRI Dataset\classification_task\test\no_tumor\brisc2025_test_00680_no_sa_t1.jpg,sagittal,3,3,no_tumor,True,0.999996542930603,3.4856984711950645e-06,0,65536,0.0,True,False,0.04760265722870827,0.008151387795805931
680,D:\brain_tumor\🧠 Brain Tumor MRI Dataset\classification_task\test\no_tumor\brisc2025_test_00681_no_sa_t1.jpg,sagittal,3,3,no_tumor,True,0.9999964237213135,3.551443114702124e-06,0,65536,0.0,True,False,0.05899302288889885,0.008168498054146767
681,D:\brain_tumor\🧠 Brain Tumor MRI Dataset\classification_task\test\no_tumor\brisc2025_test_00682_no_sa_t1.jpg,sagittal,3,3,no_tumor,True,0.9999942779541016,5.741710992879234e-06,0,65536,0.0,True,False,0.04288224130868912,0.007754374295473099
682,D:\brain_tumor\🧠 Brain Tumor MRI Dataset\classification_task\test\no_tumor\brisc2025_test_00683_no_sa_t1.jpg,sagittal,3,3,no_tumor,True,0.9999961853027344,3.844161255983636e-06,0,65536,0.0,True,False,0.02203226462006569,0.007707746233791113
683,D:\brain_tumor\🧠 Brain Tumor MRI Dataset\classification_task\test\no_tumor\brisc2025_test_00684_no_sa_t1.jpg,sagittal,3,3,no_tumor,True,0.9999967813491821,3.3268786410189932e-06,0,65536,0.0,True,False,0.23405630886554718,0.008327358402311802
684,D:\brain_tumor\🧠 Brain Tumor MRI Dataset\classification_task\test\no_tumor\brisc2025_test_00685_no_sa_t1.jpg,sagittal,3,3,no_tumor,True,0.9999966621398926,3.3648057069513015e-06,0,65536,0.0,True,False,0.045183755457401276,0.007894089445471764
685,D:\brain_tumor\🧠 Brain Tumor MRI Dataset\classification_task\test\no_tumor\brisc2025_test_00686_no_sa_t1.jpg,sagittal,3,3,no_tumor,True,0.9999964237213135,3.481025487417355e-06,0,65536,0.0,True,False,0.03622005507349968,0.008193716406822205
686,D:\brain_tumor\🧠 Brain Tumor MRI Dataset\classification_task\test\no_tumor\brisc2025_test_00687_no_sa_t1.jpg,sagittal,3,3,no_tumor,True,0.9999967813491821,3.2341004043701105e-06,0,65536,0.0,True,False,0.0333368256688118,0.008021879941225052
687,D:\brain_tumor\🧠 Brain Tumor MRI Dataset\classification_task\test\no_tumor\brisc2025_test_00688_no_sa_t1.jpg,sagittal,3,3,no_tumor,True,0.9999966621398926,3.2586117413302418e-06,0,65536,0.0,True,False,0.02262919954955578,0.007924174889922142
688,D:\brain_tumor\🧠 Brain Tumor MRI Dataset\classification_task\test\no_tumor\brisc2025_test_00689_no_sa_t1.jpg,sagittal,3,3,no_tumor,True,0.9999960660934448,3.963742074120091e-06,0,65536,0.0,True,False,0.014447852037847042,0.007946241647005081
689,D:\brain_tumor\🧠 Brain Tumor MRI Dataset\classification_task\test\no_tumor\brisc2025_test_00690_no_sa_t1.jpg,sagittal,3,3,no_tumor,True,0.9999966621398926,3.3772539609344676e-06,0,65536,0.0,True,False,0.02112519182264805,0.00795176811516285
690,D:\brain_tumor\🧠 Brain Tumor MRI Dataset\classification_task\test\no_tumor\brisc2025_test_00691_no_sa_t1.jpg,sagittal,3,3,no_tumor,True,0.9999966621398926,3.2272073440253735e-06,0,65536,0.0,True,False,0.019050899893045425,0.008306002244353294
691,D:\brain_tumor\🧠 Brain Tumor MRI Dataset\classification_task\test\no_tumor\brisc2025_test_00692_no_sa_t1.jpg,sagittal,3,3,no_tumor,True,0.9999967813491821,3.2423672564618755e-06,0,65536,0.0,True,False,0.019050899893045425,0.00785975344479084
692,D:\brain_tumor\🧠 Brain Tumor MRI Dataset\classification_task\test\no_tumor\brisc2025_test_00693_no_sa_t1.jpg,sagittal,3,3,no_tumor,True,0.9999967813491821,3.138951342407381e-06,0,65536,0.0,True,False,0.019870713353157043,0.007906876504421234
693,D:\brain_tumor\🧠 Brain Tumor MRI Dataset\classification_task\test\no_tumor\brisc2025_test_00694_no_sa_t1.jpg,sagittal,3,3,no_tumor,True,0.9999969005584717,3.125199555142899e-06,0,65536,0.0,True,False,0.01711088977754116,0.007864173501729965
694,D:\brain_tumor\🧠 Brain Tumor MRI Dataset\classification_task\test\no_tumor\brisc2025_test_00695_no_sa_t1.jpg,sagittal,3,3,no_tumor,True,0.9999969005584717,3.028092578460928e-06,0,65536,0.0,True,False,0.022201230749487877,0.007852502167224884
695,D:\brain_tumor\🧠 Brain Tumor MRI Dataset\classification_task\test\no_tumor\brisc2025_test_00696_no_sa_t1.jpg,sagittal,3,3,no_tumor,True,0.9999964237213135,3.520766313158674e-06,0,65536,0.0,True,False,0.016466174274683,0.007877287454903126
696,D:\brain_tumor\🧠 Brain Tumor MRI Dataset\classification_task\test\no_tumor\brisc2025_test_00697_no_sa_t1.jpg,sagittal,3,3,no_tumor,True,0.9999967813491821,3.23643416777486e-06,0,65536,0.0,True,False,0.026155617088079453,0.007714714854955673
697,D:\brain_tumor\🧠 Brain Tumor MRI Dataset\classification_task\test\no_tumor\brisc2025_test_00698_no_sa_t1.jpg,sagittal,3,3,no_tumor,True,0.9999969005584717,3.123883288935758e-06,0,65536,0.0,True,False,0.015365341678261757,0.007860161364078522
698,D:\brain_tumor\🧠 Brain Tumor MRI Dataset\classification_task\test\no_tumor\brisc2025_test_00699_no_sa_t1.jpg,sagittal,3,3,no_tumor,True,0.9999971389770508,2.8182289497635793e-06,0,65536,0.0,True,False,0.016721142455935478,0.008034704253077507
699,D:\brain_tumor\🧠 Brain Tumor MRI Dataset\classification_task\test\no_tumor\brisc2025_test_00700_no_sa_t1.jpg,sagittal,3,3,no_tumor,True,0.9999966621398926,3.230996071579284e-06,0,65536,0.0,True,False,0.018475592136383057,0.007639704737812281
