selection_id,dataset_index,path,class_name,plane,true_idx,target_class_idx,target_class_name,phase9_correct,original_pred_idx,tumor_occluded_pred_idx,background_occluded_pred_idx,original_target_probability,tumor_occluded_target_probability,background_occluded_target_probability,delta_p_tumor,delta_p_background,faithfulness_margin,tumor_greater_than_background,tumor_flip,background_flip,tumor_pixels,background_pixels,control_method
1,455,D:\brain_tumor\🧠 Brain Tumor MRI Dataset\classification_task\test\meningioma\brisc2025_test_00456_me_co_t1.jpg,meningioma,coronal,1,1,meningioma,True,1,1,1,0.9998428821563721,0.9998766183853149,0.9998428821563721,-3.3736228942871094e-05,0.0,-3.3736228942871094e-05,False,False,False,405,405,translated_exact_shape
2,130,D:\brain_tumor\🧠 Brain Tumor MRI Dataset\classification_task\test\glioma\brisc2025_test_00131_gl_co_t1.jpg,glioma,coronal,0,0,glioma,True,0,1,0,0.9998595714569092,0.13094951212406158,0.999863862991333,0.8689100593328476,-4.291534423828125e-06,0.8689143508672714,True,True,False,624,624,translated_exact_shape
3,905,D:\brain_tumor\🧠 Brain Tumor MRI Dataset\classification_task\test\pituitary\brisc2025_test_00906_pi_co_t1.jpg,pituitary,coronal,2,2,pituitary,True,2,2,2,0.9999984502792358,0.9999982118606567,0.9999984502792358,2.384185791015625e-07,0.0,2.384185791015625e-07,True,False,False,849,849,translated_exact_shape
4,420,D:\brain_tumor\🧠 Brain Tumor MRI Dataset\classification_task\test\meningioma\brisc2025_test_00421_me_co_t1.jpg,meningioma,coronal,1,1,meningioma,True,1,1,1,0.999998927116394,0.9999991655349731,0.9999988079071045,-2.384185791015625e-07,1.1920928955078125e-07,-3.5762786865234375e-07,False,False,False,3039,3039,translated_exact_shape
5,402,D:\brain_tumor\🧠 Brain Tumor MRI Dataset\classification_task\test\meningioma\brisc2025_test_00403_me_co_t1.jpg,meningioma,coronal,1,1,meningioma,True,1,3,1,0.9996360540390015,8.766731298237573e-06,0.9996381998062134,0.9996272873077032,-2.1457672119140625e-06,0.9996294330749151,True,True,False,1309,1309,translated_exact_shape
6,100,D:\brain_tumor\🧠 Brain Tumor MRI Dataset\classification_task\test\glioma\brisc2025_test_00101_gl_co_t1.jpg,glioma,coronal,0,0,glioma,True,0,0,0,0.9999980926513672,0.9999967813491821,0.9999980926513672,1.3113021850585938e-06,0.0,1.3113021850585938e-06,True,False,False,472,472,translated_exact_shape
7,254,D:\brain_tumor\🧠 Brain Tumor MRI Dataset\classification_task\test\meningioma\brisc2025_test_00255_me_ax_t1.jpg,meningioma,axial,1,1,meningioma,True,1,1,1,0.9993420243263245,0.999998927116394,0.9991287589073181,-0.0006569027900695801,0.00021326541900634766,-0.0008701682090759277,False,False,False,3761,3761,translated_exact_shape
8,966,D:\brain_tumor\🧠 Brain Tumor MRI Dataset\classification_task\test\pituitary\brisc2025_test_00967_pi_sa_t1.jpg,pituitary,sagittal,2,2,pituitary,True,2,2,2,0.9999978542327881,0.9999972581863403,0.9999942779541016,5.960464477539062e-07,3.5762786865234375e-06,-2.9802322387695312e-06,False,False,False,609,609,translated_exact_shape
9,406,D:\brain_tumor\🧠 Brain Tumor MRI Dataset\classification_task\test\meningioma\brisc2025_test_00407_me_co_t1.jpg,meningioma,coronal,1,1,meningioma,True,1,1,1,0.9999986886978149,0.9999988079071045,0.9999986886978149,-1.1920928955078125e-07,0.0,-1.1920928955078125e-07,False,False,False,2063,2063,translated_exact_shape
10,468,D:\brain_tumor\🧠 Brain Tumor MRI Dataset\classification_task\test\meningioma\brisc2025_test_00469_me_co_t1.jpg,meningioma,coronal,1,1,meningioma,True,1,1,1,0.9999946355819702,0.9999951124191284,0.9999947547912598,-4.76837158203125e-07,-1.1920928955078125e-07,-3.5762786865234375e-07,False,False,False,1271,1271,translated_exact_shape
11,806,D:\brain_tumor\🧠 Brain Tumor MRI Dataset\classification_task\test\pituitary\brisc2025_test_00807_pi_ax_t1.jpg,pituitary,axial,2,2,pituitary,True,2,2,2,0.9999802112579346,0.9999862909317017,0.9999806880950928,-6.079673767089844e-06,-4.76837158203125e-07,-5.602836608886719e-06,False,False,False,654,654,translated_exact_shape
12,35,D:\brain_tumor\🧠 Brain Tumor MRI Dataset\classification_task\test\glioma\brisc2025_test_00036_gl_ax_t1.jpg,glioma,axial,0,0,glioma,True,0,1,0,0.9999988079071045,0.0025619009975343943,0.9999988079071045,0.9974369069095701,0.0,0.9974369069095701,True,True,False,522,522,translated_exact_shape
13,199,D:\brain_tumor\🧠 Brain Tumor MRI Dataset\classification_task\test\glioma\brisc2025_test_00200_gl_sa_t1.jpg,glioma,sagittal,0,0,glioma,True,0,1,0,0.9999996423721313,2.1027344700996764e-06,0.9999996423721313,0.9999975396376612,0.0,0.9999975396376612,True,True,False,1125,1125,translated_exact_shape
14,66,D:\brain_tumor\🧠 Brain Tumor MRI Dataset\classification_task\test\glioma\brisc2025_test_00067_gl_ax_t1.jpg,glioma,axial,0,0,glioma,True,0,0,0,0.9999996423721313,0.9999984502792358,0.9999996423721313,1.1920928955078125e-06,0.0,1.1920928955078125e-06,True,False,False,93,93,translated_exact_shape
15,87,D:\brain_tumor\🧠 Brain Tumor MRI Dataset\classification_task\test\glioma\brisc2025_test_00088_gl_co_t1.jpg,glioma,coronal,0,0,glioma,True,0,1,0,0.9999997615814209,0.0025459169410169125,0.9999997615814209,0.997453844640404,0.0,0.997453844640404,True,True,False,1668,1668,translated_exact_shape
16,365,D:\brain_tumor\🧠 Brain Tumor MRI Dataset\classification_task\test\meningioma\brisc2025_test_00366_me_ax_t1.jpg,meningioma,axial,1,1,meningioma,True,1,1,1,0.9999963045120239,0.9999978542327881,0.9999961853027344,-1.5497207641601562e-06,1.1920928955078125e-07,-1.6689300537109375e-06,False,False,False,2553,2553,translated_exact_shape
17,741,D:\brain_tumor\🧠 Brain Tumor MRI Dataset\classification_task\test\pituitary\brisc2025_test_00742_pi_ax_t1.jpg,pituitary,axial,2,2,pituitary,True,2,2,2,0.9999932050704956,0.9999949932098389,0.9999868869781494,-1.7881393432617188e-06,6.318092346191406e-06,-8.106231689453125e-06,False,False,False,488,488,translated_exact_shape
18,473,D:\brain_tumor\🧠 Brain Tumor MRI Dataset\classification_task\test\meningioma\brisc2025_test_00474_me_co_t1.jpg,meningioma,coronal,1,1,meningioma,True,1,1,1,0.9999988079071045,0.9999988079071045,0.9999988079071045,0.0,0.0,0.0,False,False,False,1780,1780,translated_exact_shape
19,257,D:\brain_tumor\🧠 Brain Tumor MRI Dataset\classification_task\test\meningioma\brisc2025_test_00258_me_ax_t1.jpg,meningioma,axial,1,1,meningioma,True,1,3,1,0.9999990463256836,7.827820809325203e-06,0.9999990463256836,0.9999912185048743,0.0,0.9999912185048743,True,True,False,2775,2775,translated_exact_shape
20,879,D:\brain_tumor\🧠 Brain Tumor MRI Dataset\classification_task\test\pituitary\brisc2025_test_00880_pi_co_t1.jpg,pituitary,coronal,2,2,pituitary,True,2,2,2,0.9999935626983643,0.9999958276748657,0.9999936819076538,-2.2649765014648438e-06,-1.1920928955078125e-07,-2.1457672119140625e-06,False,False,False,530,530,translated_exact_shape
21,128,D:\brain_tumor\🧠 Brain Tumor MRI Dataset\classification_task\test\glioma\brisc2025_test_00129_gl_co_t1.jpg,glioma,coronal,0,0,glioma,True,0,1,0,0.9999996423721313,0.008387729525566101,0.9999996423721313,0.9916119128465652,0.0,0.9916119128465652,True,True,False,775,775,translated_exact_shape
22,843,D:\brain_tumor\🧠 Brain Tumor MRI Dataset\classification_task\test\pituitary\brisc2025_test_00844_pi_co_t1.jpg,pituitary,coronal,2,2,pituitary,True,2,2,2,0.9999970197677612,0.9999961853027344,0.9999969005584717,8.344650268554688e-07,1.1920928955078125e-07,7.152557373046875e-07,True,False,False,657,657,translated_exact_shape
23,155,D:\brain_tumor\🧠 Brain Tumor MRI Dataset\classification_task\test\glioma\brisc2025_test_00156_gl_co_t1.jpg,glioma,coronal,0,0,glioma,True,0,1,0,0.9999984502792358,2.3916925329103833e-07,0.9999982118606567,0.9999982111099825,2.384185791015625e-07,0.9999979726914034,True,True,False,2015,2015,translated_exact_shape
24,913,D:\brain_tumor\🧠 Brain Tumor MRI Dataset\classification_task\test\pituitary\brisc2025_test_00914_pi_co_t1.jpg,pituitary,coronal,2,2,pituitary,True,2,2,2,0.999997615814209,0.9999973773956299,0.999997615814209,2.384185791015625e-07,0.0,2.384185791015625e-07,True,False,False,950,950,translated_exact_shape
25,889,D:\brain_tumor\🧠 Brain Tumor MRI Dataset\classification_task\test\pituitary\brisc2025_test_00890_pi_co_t1.jpg,pituitary,coronal,2,2,pituitary,True,2,2,2,0.9999918937683105,0.9999940395355225,0.9999918937683105,-2.1457672119140625e-06,0.0,-2.1457672119140625e-06,False,False,False,237,237,translated_exact_shape
26,968,D:\brain_tumor\🧠 Brain Tumor MRI Dataset\classification_task\test\pituitary\brisc2025_test_00969_pi_sa_t1.jpg,pituitary,sagittal,2,2,pituitary,True,2,2,2,0.9999973773956299,0.9999970197677612,0.9999972581863403,3.5762786865234375e-07,1.1920928955078125e-07,2.384185791015625e-07,True,False,False,800,800,translated_exact_shape
27,773,D:\brain_tumor\🧠 Brain Tumor MRI Dataset\classification_task\test\pituitary\brisc2025_test_00774_pi_ax_t1.jpg,pituitary,axial,2,2,pituitary,True,2,2,2,0.999985933303833,0.9999889135360718,0.9999853372573853,-2.9802322387695312e-06,5.960464477539062e-07,-3.5762786865234375e-06,False,False,False,429,429,translated_exact_shape
28,952,D:\brain_tumor\🧠 Brain Tumor MRI Dataset\classification_task\test\pituitary\brisc2025_test_00953_pi_sa_t1.jpg,pituitary,sagittal,2,2,pituitary,True,2,2,2,0.9999980926513672,0.9999974966049194,0.9999980926513672,5.960464477539062e-07,0.0,5.960464477539062e-07,True,False,False,601,601,translated_exact_shape
29,231,D:\brain_tumor\🧠 Brain Tumor MRI Dataset\classification_task\test\glioma\brisc2025_test_00232_gl_sa_t1.jpg,glioma,sagittal,0,0,glioma,True,0,1,0,0.999998927116394,1.3927119653089903e-05,0.999998927116394,0.999984999996741,0.0,0.999984999996741,True,True,False,581,581,translated_exact_shape
30,131,D:\brain_tumor\🧠 Brain Tumor MRI Dataset\classification_task\test\glioma\brisc2025_test_00132_gl_co_t1.jpg,glioma,coronal,0,0,glioma,True,0,0,0,0.9999997615814209,0.9999873638153076,0.9999997615814209,1.239776611328125e-05,0.0,1.239776611328125e-05,True,False,False,785,785,translated_exact_shape
31,161,D:\brain_tumor\🧠 Brain Tumor MRI Dataset\classification_task\test\glioma\brisc2025_test_00162_gl_co_t1.jpg,glioma,coronal,0,0,glioma,True,0,1,0,0.9999996423721313,1.2242496268299874e-05,0.9999996423721313,0.999987399875863,0.0,0.999987399875863,True,True,False,1085,1085,translated_exact_shape
32,54,D:\brain_tumor\🧠 Brain Tumor MRI Dataset\classification_task\test\glioma\brisc2025_test_00055_gl_ax_t1.jpg,glioma,axial,0,0,glioma,True,0,1,0,0.9999990463256836,0.030155515298247337,0.9999990463256836,0.9698435310274363,0.0,0.9698435310274363,True,True,False,1998,1998,translated_exact_shape
33,373,D:\brain_tumor\🧠 Brain Tumor MRI Dataset\classification_task\test\meningioma\brisc2025_test_00374_me_ax_t1.jpg,meningioma,axial,1,1,meningioma,True,1,1,1,0.9999920129776001,0.999993085861206,0.9999921321868896,-1.0728836059570312e-06,-1.1920928955078125e-07,-9.5367431640625e-07,False,False,False,1055,1055,translated_exact_shape
34,47,D:\brain_tumor\🧠 Brain Tumor MRI Dataset\classification_task\test\glioma\brisc2025_test_00048_gl_ax_t1.jpg,glioma,axial,0,0,glioma,True,0,1,0,0.9999990463256836,2.2647200239589438e-06,0.9999990463256836,0.9999967816056596,0.0,0.9999967816056596,True,True,False,872,872,translated_exact_shape
35,226,D:\brain_tumor\🧠 Brain Tumor MRI Dataset\classification_task\test\glioma\brisc2025_test_00227_gl_sa_t1.jpg,glioma,sagittal,0,0,glioma,True,0,1,0,0.9999983310699463,0.0019247265299782157,0.9999983310699463,0.9980736045399681,0.0,0.9980736045399681,True,True,False,359,359,translated_exact_shape
36,928,D:\brain_tumor\🧠 Brain Tumor MRI Dataset\classification_task\test\pituitary\brisc2025_test_00929_pi_sa_t1.jpg,pituitary,sagittal,2,2,pituitary,True,2,2,2,0.9999808073043823,0.9999845027923584,0.9999808073043823,-3.6954879760742188e-06,0.0,-3.6954879760742188e-06,False,False,False,211,211,translated_exact_shape
37,376,D:\brain_tumor\🧠 Brain Tumor MRI Dataset\classification_task\test\meningioma\brisc2025_test_00377_me_ax_t1.jpg,meningioma,axial,1,1,meningioma,True,1,1,1,0.9999819993972778,0.9999922513961792,0.9999822378158569,-1.0251998901367188e-05,-2.384185791015625e-07,-1.0013580322265625e-05,False,False,False,2764,2764,translated_exact_shape
38,86,D:\brain_tumor\🧠 Brain Tumor MRI Dataset\classification_task\test\glioma\brisc2025_test_00087_gl_co_t1.jpg,glioma,coronal,0,0,glioma,True,0,0,0,0.9999990463256836,0.9999600648880005,0.999998927116394,3.898143768310547e-05,1.1920928955078125e-07,3.886222839355469e-05,True,False,False,1040,1040,translated_exact_shape
39,12,D:\brain_tumor\🧠 Brain Tumor MRI Dataset\classification_task\test\glioma\brisc2025_test_00013_gl_ax_t1.jpg,glioma,axial,0,0,glioma,True,0,1,0,0.9999997615814209,2.318442511750618e-06,0.9999997615814209,0.9999974431389091,0.0,0.9999974431389091,True,True,False,1154,1154,translated_exact_shape
40,85,D:\brain_tumor\🧠 Brain Tumor MRI Dataset\classification_task\test\glioma\brisc2025_test_00086_gl_co_t1.jpg,glioma,coronal,0,0,glioma,True,0,1,0,0.9999995231628418,1.2956308637512848e-05,0.9999995231628418,0.9999865668542043,0.0,0.9999865668542043,True,True,False,919,919,translated_exact_shape
41,931,D:\brain_tumor\🧠 Brain Tumor MRI Dataset\classification_task\test\pituitary\brisc2025_test_00932_pi_sa_t1.jpg,pituitary,sagittal,2,2,pituitary,True,2,2,2,0.9999963045120239,0.9999967813491821,0.9999963045120239,-4.76837158203125e-07,0.0,-4.76837158203125e-07,False,False,False,514,514,translated_exact_shape
42,491,D:\brain_tumor\🧠 Brain Tumor MRI Dataset\classification_task\test\meningioma\brisc2025_test_00492_me_sa_t1.jpg,meningioma,sagittal,1,1,meningioma,True,1,1,1,0.9999994039535522,0.9999994039535522,0.9999994039535522,0.0,0.0,0.0,False,False,False,3271,3271,translated_exact_shape
43,517,D:\brain_tumor\🧠 Brain Tumor MRI Dataset\classification_task\test\meningioma\brisc2025_test_00518_me_sa_t1.jpg,meningioma,sagittal,1,1,meningioma,True,1,1,1,0.9999960660934448,0.9999985694885254,0.9999960660934448,-2.5033950805664062e-06,0.0,-2.5033950805664062e-06,False,False,False,2996,2996,translated_exact_shape
44,33,D:\brain_tumor\🧠 Brain Tumor MRI Dataset\classification_task\test\glioma\brisc2025_test_00034_gl_ax_t1.jpg,glioma,axial,0,0,glioma,True,0,0,0,0.9999997615814209,0.9999959468841553,0.9999997615814209,3.814697265625e-06,0.0,3.814697265625e-06,True,False,False,892,892,translated_exact_shape
45,40,D:\brain_tumor\🧠 Brain Tumor MRI Dataset\classification_task\test\glioma\brisc2025_test_00041_gl_ax_t1.jpg,glioma,axial,0,0,glioma,True,0,0,0,0.999997615814209,0.9992897510528564,0.9999973773956299,0.0007078647613525391,2.384185791015625e-07,0.0007076263427734375,True,False,False,1742,1742,translated_exact_shape
46,454,D:\brain_tumor\🧠 Brain Tumor MRI Dataset\classification_task\test\meningioma\brisc2025_test_00455_me_co_t1.jpg,meningioma,coronal,1,1,meningioma,True,1,1,1,0.9998644590377808,0.9997692704200745,0.999864935874939,9.518861770629883e-05,-4.76837158203125e-07,9.566545486450195e-05,True,False,False,912,912,translated_exact_shape
47,939,D:\brain_tumor\🧠 Brain Tumor MRI Dataset\classification_task\test\pituitary\brisc2025_test_00940_pi_sa_t1.jpg,pituitary,sagittal,2,2,pituitary,True,2,2,2,0.9999922513961792,0.9999932050704956,0.9999922513961792,-9.5367431640625e-07,0.0,-9.5367431640625e-07,False,False,False,396,396,translated_exact_shape
48,964,D:\brain_tumor\🧠 Brain Tumor MRI Dataset\classification_task\test\pituitary\brisc2025_test_00965_pi_sa_t1.jpg,pituitary,sagittal,2,2,pituitary,True,2,2,2,0.9999951124191284,0.999991774559021,0.9999935626983643,3.337860107421875e-06,1.5497207641601562e-06,1.7881393432617188e-06,True,False,False,503,503,translated_exact_shape
49,432,D:\brain_tumor\🧠 Brain Tumor MRI Dataset\classification_task\test\meningioma\brisc2025_test_00433_me_co_t1.jpg,meningioma,coronal,1,2,pituitary,False,2,2,2,0.8485747575759888,0.9999353885650635,0.8262847661972046,-0.1513606309890747,0.02228999137878418,-0.1736506223678589,False,False,False,410,410,translated_exact_shape
50,822,D:\brain_tumor\🧠 Brain Tumor MRI Dataset\classification_task\test\pituitary\brisc2025_test_00823_pi_ax_t1.jpg,pituitary,axial,2,2,pituitary,True,2,2,2,0.9999849796295166,0.9999918937683105,0.9999849796295166,-6.9141387939453125e-06,0.0,-6.9141387939453125e-06,False,False,False,441,441,translated_exact_shape
51,533,D:\brain_tumor\🧠 Brain Tumor MRI Dataset\classification_task\test\meningioma\brisc2025_test_00534_me_sa_t1.jpg,meningioma,sagittal,1,1,meningioma,True,1,1,1,0.9999988079071045,0.9999994039535522,0.9999988079071045,-5.960464477539062e-07,0.0,-5.960464477539062e-07,False,False,False,1394,1394,translated_exact_shape
52,771,D:\brain_tumor\🧠 Brain Tumor MRI Dataset\classification_task\test\pituitary\brisc2025_test_00772_pi_ax_t1.jpg,pituitary,axial,2,2,pituitary,True,2,2,2,0.999997615814209,0.9999979734420776,0.999997615814209,-3.5762786865234375e-07,0.0,-3.5762786865234375e-07,False,False,False,780,780,translated_exact_shape
53,404,D:\brain_tumor\🧠 Brain Tumor MRI Dataset\classification_task\test\meningioma\brisc2025_test_00405_me_co_t1.jpg,meningioma,coronal,1,1,meningioma,True,1,1,1,0.9999957084655762,0.9999955892562866,0.9999958276748657,1.1920928955078125e-07,-1.1920928955078125e-07,2.384185791015625e-07,True,False,False,1042,1042,translated_exact_shape
54,78,D:\brain_tumor\🧠 Brain Tumor MRI Dataset\classification_task\test\glioma\brisc2025_test_00079_gl_ax_t1.jpg,glioma,axial,0,0,glioma,True,0,1,0,0.9999996423721313,8.012341368157649e-07,0.9999996423721313,0.9999988411379945,0.0,0.9999988411379945,True,True,False,1227,1227,translated_exact_shape
55,825,D:\brain_tumor\🧠 Brain Tumor MRI Dataset\classification_task\test\pituitary\brisc2025_test_00826_pi_co_t1.jpg,pituitary,coronal,2,1,meningioma,False,1,2,1,0.9909281134605408,5.005443745176308e-05,0.9904140830039978,0.990878059023089,0.0005140304565429688,0.990364028566546,True,True,False,724,724,translated_exact_shape
56,441,D:\brain_tumor\🧠 Brain Tumor MRI Dataset\classification_task\test\meningioma\brisc2025_test_00442_me_co_t1.jpg,meningioma,coronal,1,1,meningioma,True,1,1,1,0.9999960660934448,0.9999958276748657,0.9999960660934448,2.384185791015625e-07,0.0,2.384185791015625e-07,True,False,False,1520,1520,translated_exact_shape
57,96,D:\brain_tumor\🧠 Brain Tumor MRI Dataset\classification_task\test\glioma\brisc2025_test_00097_gl_co_t1.jpg,glioma,coronal,0,0,glioma,True,0,1,0,0.9999971389770508,0.0003976169100496918,0.9999960660934448,0.9995995220670011,1.0728836059570312e-06,0.9995984491833951,True,True,False,4657,4657,translated_exact_shape
58,234,D:\brain_tumor\🧠 Brain Tumor MRI Dataset\classification_task\test\glioma\brisc2025_test_00235_gl_sa_t1.jpg,glioma,sagittal,0,0,glioma,True,0,1,0,0.9999860525131226,4.720039214589633e-06,0.9999842643737793,0.999981332473908,1.7881393432617188e-06,0.9999795443345647,True,True,False,670,670,translated_exact_shape
59,205,D:\brain_tumor\🧠 Brain Tumor MRI Dataset\classification_task\test\glioma\brisc2025_test_00206_gl_sa_t1.jpg,glioma,sagittal,0,0,glioma,True,0,1,0,0.9999994039535522,3.507182384510088e-07,0.9999994039535522,0.9999990532353138,0.0,0.9999990532353138,True,True,False,2208,2208,translated_exact_shape
60,287,D:\brain_tumor\🧠 Brain Tumor MRI Dataset\classification_task\test\meningioma\brisc2025_test_00288_me_ax_t1.jpg,meningioma,axial,1,1,meningioma,True,1,3,1,0.9999985694885254,1.0229340659861919e-05,0.9999985694885254,0.9999883401478655,0.0,0.9999883401478655,True,True,False,2222,2222,translated_exact_shape
61,824,D:\brain_tumor\🧠 Brain Tumor MRI Dataset\classification_task\test\pituitary\brisc2025_test_00825_pi_co_t1.jpg,pituitary,coronal,2,2,pituitary,True,2,2,2,0.9999984502792358,0.9999978542327881,0.9999984502792358,5.960464477539062e-07,0.0,5.960464477539062e-07,True,False,False,1013,1013,translated_exact_shape
62,90,D:\brain_tumor\🧠 Brain Tumor MRI Dataset\classification_task\test\glioma\brisc2025_test_00091_gl_co_t1.jpg,glioma,coronal,0,0,glioma,True,0,1,0,0.9999995231628418,4.7102216171879263e-07,0.9999994039535522,0.9999990521406801,1.1920928955078125e-07,0.9999989329313905,True,True,False,2280,2280,translated_exact_shape
63,158,D:\brain_tumor\🧠 Brain Tumor MRI Dataset\classification_task\test\glioma\brisc2025_test_00159_gl_co_t1.jpg,glioma,coronal,0,0,glioma,True,0,1,0,0.9999991655349731,5.86277428737958e-06,0.9999991655349731,0.9999933027606858,0.0,0.9999933027606858,True,True,False,1385,1385,translated_exact_shape
64,98,D:\brain_tumor\🧠 Brain Tumor MRI Dataset\classification_task\test\glioma\brisc2025_test_00099_gl_co_t1.jpg,glioma,coronal,0,0,glioma,True,0,0,0,0.9999966621398926,0.9999966621398926,0.9999966621398926,0.0,0.0,0.0,False,False,False,87,87,translated_exact_shape
65,513,D:\brain_tumor\🧠 Brain Tumor MRI Dataset\classification_task\test\meningioma\brisc2025_test_00514_me_sa_t1.jpg,meningioma,sagittal,1,1,meningioma,True,1,1,1,0.9999955892562866,0.9999958276748657,0.9999957084655762,-2.384185791015625e-07,-1.1920928955078125e-07,-1.1920928955078125e-07,False,False,False,1148,1148,translated_exact_shape
66,190,D:\brain_tumor\🧠 Brain Tumor MRI Dataset\classification_task\test\glioma\brisc2025_test_00191_gl_sa_t1.jpg,glioma,sagittal,0,0,glioma,True,0,0,0,0.9999973773956299,0.9999953508377075,0.9999973773956299,2.0265579223632812e-06,0.0,2.0265579223632812e-06,True,False,False,104,104,translated_exact_shape
67,537,D:\brain_tumor\🧠 Brain Tumor MRI Dataset\classification_task\test\meningioma\brisc2025_test_00538_me_sa_t1.jpg,meningioma,sagittal,1,1,meningioma,True,1,1,1,0.9999687671661377,0.9999376535415649,0.9999703168869019,3.1113624572753906e-05,-1.5497207641601562e-06,3.266334533691406e-05,True,False,False,908,908,translated_exact_shape
68,847,D:\brain_tumor\🧠 Brain Tumor MRI Dataset\classification_task\test\pituitary\brisc2025_test_00848_pi_co_t1.jpg,pituitary,coronal,2,2,pituitary,True,2,2,2,0.9999964237213135,0.9999961853027344,0.9999964237213135,2.384185791015625e-07,0.0,2.384185791015625e-07,True,False,False,777,777,translated_exact_shape
69,185,D:\brain_tumor\🧠 Brain Tumor MRI Dataset\classification_task\test\glioma\brisc2025_test_00186_gl_sa_t1.jpg,glioma,sagittal,0,0,glioma,True,0,0,0,0.9999973773956299,0.9997194409370422,0.9999971389770508,0.0002779364585876465,2.384185791015625e-07,0.0002776980400085449,True,False,False,1608,1608,translated_exact_shape
70,482,D:\brain_tumor\🧠 Brain Tumor MRI Dataset\classification_task\test\meningioma\brisc2025_test_00483_me_sa_t1.jpg,meningioma,sagittal,1,1,meningioma,True,1,3,1,0.9999746084213257,5.02461516589392e-05,0.9999746084213257,0.9999243622696667,0.0,0.9999243622696667,True,True,False,707,707,translated_exact_shape
71,802,D:\brain_tumor\🧠 Brain Tumor MRI Dataset\classification_task\test\pituitary\brisc2025_test_00803_pi_ax_t1.jpg,pituitary,axial,2,2,pituitary,True,2,2,2,0.9999860525131226,0.9999743700027466,0.9999841451644897,1.1682510375976562e-05,1.9073486328125e-06,9.775161743164062e-06,True,False,False,501,501,translated_exact_shape
72,127,D:\brain_tumor\🧠 Brain Tumor MRI Dataset\classification_task\test\glioma\brisc2025_test_00128_gl_co_t1.jpg,glioma,coronal,0,0,glioma,True,0,0,0,0.999998927116394,0.9999991655349731,0.999998927116394,-2.384185791015625e-07,0.0,-2.384185791015625e-07,False,False,False,570,570,translated_exact_shape
73,948,D:\brain_tumor\🧠 Brain Tumor MRI Dataset\classification_task\test\pituitary\brisc2025_test_00949_pi_sa_t1.jpg,pituitary,sagittal,2,2,pituitary,True,2,1,2,0.9999972581863403,0.0006471479428000748,0.9999961853027344,0.9993501102435403,1.0728836059570312e-06,0.9993490373599343,True,True,False,988,988,translated_exact_shape
74,720,D:\brain_tumor\🧠 Brain Tumor MRI Dataset\classification_task\test\pituitary\brisc2025_test_00721_pi_ax_t1.jpg,pituitary,axial,2,2,pituitary,True,2,2,2,0.9999749660491943,0.9999837875366211,0.9999750852584839,-8.821487426757812e-06,-1.1920928955078125e-07,-8.702278137207031e-06,False,False,False,344,344,translated_exact_shape
75,299,D:\brain_tumor\🧠 Brain Tumor MRI Dataset\classification_task\test\meningioma\brisc2025_test_00300_me_ax_t1.jpg,meningioma,axial,1,1,meningioma,True,1,3,1,0.9999984502792358,3.60492799700296e-06,0.9999984502792358,0.9999948453512388,0.0,0.9999948453512388,True,True,False,3124,3124,translated_exact_shape
76,502,D:\brain_tumor\🧠 Brain Tumor MRI Dataset\classification_task\test\meningioma\brisc2025_test_00503_me_sa_t1.jpg,meningioma,sagittal,1,1,meningioma,True,1,1,1,0.9997184872627258,0.9998134970664978,0.9997193217277527,-9.500980377197266e-05,-8.344650268554688e-07,-9.417533874511719e-05,False,False,False,480,480,translated_exact_shape
77,996,D:\brain_tumor\🧠 Brain Tumor MRI Dataset\classification_task\test\pituitary\brisc2025_test_00997_pi_sa_t1.jpg,pituitary,sagittal,2,2,pituitary,True,2,2,2,0.9999985694885254,0.9999552965164185,0.9999986886978149,4.3272972106933594e-05,-1.1920928955078125e-07,4.3392181396484375e-05,True,False,False,1684,1684,translated_exact_shape
78,377,D:\brain_tumor\🧠 Brain Tumor MRI Dataset\classification_task\test\meningioma\brisc2025_test_00378_me_ax_t1.jpg,meningioma,axial,1,1,meningioma,True,1,1,1,0.999974250793457,0.9999500513076782,0.9999743700027466,2.4199485778808594e-05,-1.1920928955078125e-07,2.4318695068359375e-05,True,False,False,931,931,translated_exact_shape
79,82,D:\brain_tumor\🧠 Brain Tumor MRI Dataset\classification_task\test\glioma\brisc2025_test_00083_gl_ax_t1.jpg,glioma,axial,0,0,glioma,True,0,0,0,0.9999997615814209,0.9999996423721313,0.9999997615814209,1.1920928955078125e-07,0.0,1.1920928955078125e-07,True,False,False,798,798,translated_exact_shape
80,506,D:\brain_tumor\🧠 Brain Tumor MRI Dataset\classification_task\test\meningioma\brisc2025_test_00507_me_sa_t1.jpg,meningioma,sagittal,1,1,meningioma,True,1,1,1,0.999987006187439,0.9999926090240479,0.9999877214431763,-5.602836608886719e-06,-7.152557373046875e-07,-4.887580871582031e-06,False,False,False,874,874,translated_exact_shape
81,804,D:\brain_tumor\🧠 Brain Tumor MRI Dataset\classification_task\test\pituitary\brisc2025_test_00805_pi_ax_t1.jpg,pituitary,axial,2,2,pituitary,True,2,2,2,0.9998276233673096,0.9998577833175659,0.9998255372047424,-3.0159950256347656e-05,2.086162567138672e-06,-3.224611282348633e-05,False,False,False,281,281,translated_exact_shape
82,203,D:\brain_tumor\🧠 Brain Tumor MRI Dataset\classification_task\test\glioma\brisc2025_test_00204_gl_sa_t1.jpg,glioma,sagittal,0,0,glioma,True,0,0,0,0.9999997615814209,0.999997615814209,0.9999997615814209,2.1457672119140625e-06,0.0,2.1457672119140625e-06,True,False,False,611,611,translated_exact_shape
83,248,D:\brain_tumor\🧠 Brain Tumor MRI Dataset\classification_task\test\glioma\brisc2025_test_00249_gl_sa_t1.jpg,glioma,sagittal,0,0,glioma,True,0,1,0,0.9999978542327881,9.93379217106849e-06,0.9999978542327881,0.999987920440617,0.0,0.999987920440617,True,True,False,554,554,translated_exact_shape
84,472,D:\brain_tumor\🧠 Brain Tumor MRI Dataset\classification_task\test\meningioma\brisc2025_test_00473_me_co_t1.jpg,meningioma,coronal,1,1,meningioma,True,1,1,1,0.9999991655349731,0.9999992847442627,0.9999991655349731,-1.1920928955078125e-07,0.0,-1.1920928955078125e-07,False,False,False,2403,2403,translated_exact_shape
85,416,D:\brain_tumor\🧠 Brain Tumor MRI Dataset\classification_task\test\meningioma\brisc2025_test_00417_me_co_t1.jpg,meningioma,coronal,1,1,meningioma,True,1,1,1,0.999998927116394,0.9999986886978149,0.999998927116394,2.384185791015625e-07,0.0,2.384185791015625e-07,True,False,False,5027,5027,translated_exact_shape
86,253,D:\brain_tumor\🧠 Brain Tumor MRI Dataset\classification_task\test\glioma\brisc2025_test_00254_gl_sa_t1.jpg,glioma,sagittal,0,0,glioma,True,0,1,0,0.9999996423721313,6.79998720443109e-07,0.9999996423721313,0.9999989623734109,0.0,0.9999989623734109,True,True,False,2347,2347,translated_exact_shape
87,805,D:\brain_tumor\🧠 Brain Tumor MRI Dataset\classification_task\test\pituitary\brisc2025_test_00806_pi_ax_t1.jpg,pituitary,axial,2,2,pituitary,True,2,2,2,0.9999969005584717,0.9999960660934448,0.9999964237213135,8.344650268554688e-07,4.76837158203125e-07,3.5762786865234375e-07,True,False,False,273,273,translated_exact_shape
88,18,D:\brain_tumor\🧠 Brain Tumor MRI Dataset\classification_task\test\glioma\brisc2025_test_00019_gl_ax_t1.jpg,glioma,axial,0,0,glioma,True,0,1,0,0.999998927116394,1.6185356344067259e-06,0.9999986886978149,0.9999973085807596,2.384185791015625e-07,0.9999970701621805,True,True,False,2984,2984,translated_exact_shape
89,206,D:\brain_tumor\🧠 Brain Tumor MRI Dataset\classification_task\test\glioma\brisc2025_test_00207_gl_sa_t1.jpg,glioma,sagittal,0,0,glioma,True,0,1,0,0.9999948740005493,2.908063652284909e-05,0.9999948740005493,0.9999657933640265,0.0,0.9999657933640265,True,True,False,598,598,translated_exact_shape
90,401,D:\brain_tumor\🧠 Brain Tumor MRI Dataset\classification_task\test\meningioma\brisc2025_test_00402_me_co_t1.jpg,meningioma,coronal,1,1,meningioma,True,1,1,1,0.9999978542327881,0.9999635219573975,0.9999978542327881,3.4332275390625e-05,0.0,3.4332275390625e-05,True,False,False,3315,3315,translated_exact_shape
91,543,D:\brain_tumor\🧠 Brain Tumor MRI Dataset\classification_task\test\meningioma\brisc2025_test_00544_me_sa_t1.jpg,meningioma,sagittal,1,1,meningioma,True,1,1,1,0.9998249411582947,0.9998500347137451,0.9998270869255066,-2.5093555450439453e-05,-2.1457672119140625e-06,-2.294778823852539e-05,False,False,False,372,372,translated_exact_shape
92,845,D:\brain_tumor\🧠 Brain Tumor MRI Dataset\classification_task\test\pituitary\brisc2025_test_00846_pi_co_t1.jpg,pituitary,coronal,2,2,pituitary,True,2,2,2,0.9999936819076538,0.9996658563613892,0.9999938011169434,0.00032782554626464844,-1.1920928955078125e-07,0.0003279447555541992,True,False,False,603,603,translated_exact_shape
93,535,D:\brain_tumor\🧠 Brain Tumor MRI Dataset\classification_task\test\meningioma\brisc2025_test_00536_me_sa_t1.jpg,meningioma,sagittal,1,1,meningioma,True,1,1,1,0.9999973773956299,0.9999988079071045,0.9999973773956299,-1.430511474609375e-06,0.0,-1.430511474609375e-06,False,False,False,3138,3138,translated_exact_shape
94,930,D:\brain_tumor\🧠 Brain Tumor MRI Dataset\classification_task\test\pituitary\brisc2025_test_00931_pi_sa_t1.jpg,pituitary,sagittal,2,2,pituitary,True,2,2,2,0.9999970197677612,0.9999961853027344,0.9999971389770508,8.344650268554688e-07,-1.1920928955078125e-07,9.5367431640625e-07,True,False,False,871,871,translated_exact_shape
95,970,D:\brain_tumor\🧠 Brain Tumor MRI Dataset\classification_task\test\pituitary\brisc2025_test_00971_pi_sa_t1.jpg,pituitary,sagittal,2,2,pituitary,True,2,2,2,0.999984860420227,0.9999877214431763,0.9999856948852539,-2.86102294921875e-06,-8.344650268554688e-07,-2.0265579223632812e-06,False,False,False,368,368,translated_exact_shape
96,519,D:\brain_tumor\🧠 Brain Tumor MRI Dataset\classification_task\test\meningioma\brisc2025_test_00520_me_sa_t1.jpg,meningioma,sagittal,1,1,meningioma,True,1,1,1,0.9999915361404419,0.9999924898147583,0.9999918937683105,-9.5367431640625e-07,-3.5762786865234375e-07,-5.960464477539062e-07,False,False,False,1023,1023,translated_exact_shape
97,4,D:\brain_tumor\🧠 Brain Tumor MRI Dataset\classification_task\test\glioma\brisc2025_test_00005_gl_ax_t1.jpg,glioma,axial,0,0,glioma,True,0,0,0,0.9994602799415588,0.9996216297149658,0.9994625449180603,-0.00016134977340698242,-2.2649765014648438e-06,-0.00015908479690551758,False,False,False,388,388,translated_exact_shape
98,72,D:\brain_tumor\🧠 Brain Tumor MRI Dataset\classification_task\test\glioma\brisc2025_test_00073_gl_ax_t1.jpg,glioma,axial,0,0,glioma,True,0,1,0,0.9999567270278931,1.101590441976441e-06,0.9999451637268066,0.9999556254374511,1.1563301086425781e-05,0.9999440621363647,True,True,False,5783,5783,translated_exact_shape
99,888,D:\brain_tumor\🧠 Brain Tumor MRI Dataset\classification_task\test\pituitary\brisc2025_test_00889_pi_co_t1.jpg,pituitary,coronal,2,2,pituitary,True,2,2,2,0.9999924898147583,0.9999932050704956,0.9999924898147583,-7.152557373046875e-07,0.0,-7.152557373046875e-07,False,False,False,358,358,translated_exact_shape
100,852,D:\brain_tumor\🧠 Brain Tumor MRI Dataset\classification_task\test\pituitary\brisc2025_test_00853_pi_co_t1.jpg,pituitary,coronal,2,2,pituitary,True,2,2,2,0.999997615814209,0.9999971389770508,0.999995231628418,4.76837158203125e-07,2.384185791015625e-06,-1.9073486328125e-06,False,False,False,912,912,translated_exact_shape
101,22,D:\brain_tumor\🧠 Brain Tumor MRI Dataset\classification_task\test\glioma\brisc2025_test_00023_gl_ax_t1.jpg,glioma,axial,0,0,glioma,True,0,1,0,0.9999991655349731,0.016656339168548584,0.9999991655349731,0.9833428263664246,0.0,0.9833428263664246,True,True,False,976,976,translated_exact_shape
102,107,D:\brain_tumor\🧠 Brain Tumor MRI Dataset\classification_task\test\glioma\brisc2025_test_00108_gl_co_t1.jpg,glioma,coronal,0,0,glioma,True,0,1,0,0.9999996423721313,6.2035707060204e-07,0.9999996423721313,0.9999990220150607,0.0,0.9999990220150607,True,True,False,1098,1098,translated_exact_shape
103,173,D:\brain_tumor\🧠 Brain Tumor MRI Dataset\classification_task\test\glioma\brisc2025_test_00174_gl_sa_t1.jpg,glioma,sagittal,0,0,glioma,True,0,1,0,0.9999955892562866,0.0001340603776043281,0.9999954700469971,0.9998615288786823,1.1920928955078125e-07,0.9998614096693927,True,True,False,348,348,translated_exact_shape
104,430,D:\brain_tumor\🧠 Brain Tumor MRI Dataset\classification_task\test\meningioma\brisc2025_test_00431_me_co_t1.jpg,meningioma,coronal,1,1,meningioma,True,1,1,1,0.9999759197235107,0.999916672706604,0.9999727010726929,5.924701690673828e-05,3.2186508178710938e-06,5.602836608886719e-05,True,False,False,526,526,translated_exact_shape
105,922,D:\brain_tumor\🧠 Brain Tumor MRI Dataset\classification_task\test\pituitary\brisc2025_test_00923_pi_sa_t1.jpg,pituitary,sagittal,2,2,pituitary,True,2,2,2,0.999997615814209,0.9999958276748657,0.999997615814209,1.7881393432617188e-06,0.0,1.7881393432617188e-06,True,False,False,725,725,translated_exact_shape
106,10,D:\brain_tumor\🧠 Brain Tumor MRI Dataset\classification_task\test\glioma\brisc2025_test_00011_gl_ax_t1.jpg,glioma,axial,0,0,glioma,True,0,0,0,0.9999978542327881,0.9999978542327881,0.9999978542327881,0.0,0.0,0.0,False,False,False,113,113,translated_exact_shape
107,769,D:\brain_tumor\🧠 Brain Tumor MRI Dataset\classification_task\test\pituitary\brisc2025_test_00770_pi_ax_t1.jpg,pituitary,axial,2,2,pituitary,True,2,2,2,0.9999735355377197,0.9999706745147705,0.9999735355377197,2.86102294921875e-06,0.0,2.86102294921875e-06,True,False,False,223,223,translated_exact_shape
108,789,D:\brain_tumor\🧠 Brain Tumor MRI Dataset\classification_task\test\pituitary\brisc2025_test_00790_pi_ax_t1.jpg,pituitary,axial,2,2,pituitary,True,2,2,2,0.9998782873153687,0.9997727274894714,0.9998775720596313,0.0001055598258972168,7.152557373046875e-07,0.00010484457015991211,True,False,False,377,377,translated_exact_shape
109,68,D:\brain_tumor\🧠 Brain Tumor MRI Dataset\classification_task\test\glioma\brisc2025_test_00069_gl_ax_t1.jpg,glioma,axial,0,0,glioma,True,0,0,0,0.9999977350234985,0.9999991655349731,0.999997615814209,-1.430511474609375e-06,1.1920928955078125e-07,-1.5497207641601562e-06,False,False,False,800,800,translated_exact_shape
110,264,D:\brain_tumor\🧠 Brain Tumor MRI Dataset\classification_task\test\meningioma\brisc2025_test_00265_me_ax_t1.jpg,meningioma,axial,1,1,meningioma,True,1,1,1,0.9999994039535522,0.9999992847442627,0.9999994039535522,1.1920928955078125e-07,0.0,1.1920928955078125e-07,True,False,False,3993,3993,translated_exact_shape
111,292,D:\brain_tumor\🧠 Brain Tumor MRI Dataset\classification_task\test\meningioma\brisc2025_test_00293_me_ax_t1.jpg,meningioma,axial,1,1,meningioma,True,1,3,1,0.9999946355819702,0.08272035419940948,0.9999945163726807,0.9172742813825607,1.1920928955078125e-07,0.9172741621732712,True,True,False,1460,1460,translated_exact_shape
112,868,D:\brain_tumor\🧠 Brain Tumor MRI Dataset\classification_task\test\pituitary\brisc2025_test_00869_pi_co_t1.jpg,pituitary,coronal,2,2,pituitary,True,2,2,2,0.9999961853027344,0.9999966621398926,0.9999963045120239,-4.76837158203125e-07,-1.1920928955078125e-07,-3.5762786865234375e-07,False,False,False,1046,1046,translated_exact_shape
113,339,D:\brain_tumor\🧠 Brain Tumor MRI Dataset\classification_task\test\meningioma\brisc2025_test_00340_me_ax_t1.jpg,meningioma,axial,1,1,meningioma,True,1,1,1,0.9994986057281494,0.9989270567893982,0.9995044469833374,0.0005715489387512207,-5.841255187988281e-06,0.000577390193939209,True,False,False,178,178,translated_exact_shape
114,775,D:\brain_tumor\🧠 Brain Tumor MRI Dataset\classification_task\test\pituitary\brisc2025_test_00776_pi_ax_t1.jpg,pituitary,axial,2,2,pituitary,True,2,2,2,0.9999957084655762,0.9999741315841675,0.9999954700469971,2.1576881408691406e-05,2.384185791015625e-07,2.1338462829589844e-05,True,False,False,1042,1042,translated_exact_shape
115,218,D:\brain_tumor\🧠 Brain Tumor MRI Dataset\classification_task\test\glioma\brisc2025_test_00219_gl_sa_t1.jpg,glioma,sagittal,0,0,glioma,True,0,0,0,0.9999996423721313,0.9999579191207886,0.9999996423721313,4.172325134277344e-05,0.0,4.172325134277344e-05,True,False,False,759,759,translated_exact_shape
116,937,D:\brain_tumor\🧠 Brain Tumor MRI Dataset\classification_task\test\pituitary\brisc2025_test_00938_pi_sa_t1.jpg,pituitary,sagittal,2,2,pituitary,True,2,2,2,0.9999983310699463,0.9999337196350098,0.9999983310699463,6.461143493652344e-05,0.0,6.461143493652344e-05,True,False,False,430,430,translated_exact_shape
117,280,D:\brain_tumor\🧠 Brain Tumor MRI Dataset\classification_task\test\meningioma\brisc2025_test_00281_me_ax_t1.jpg,meningioma,axial,1,1,meningioma,True,1,0,1,0.9999954700469971,0.03462660685181618,0.9999959468841553,0.9653688631951809,-4.76837158203125e-07,0.9653693400323391,True,True,False,1859,1859,translated_exact_shape
118,951,D:\brain_tumor\🧠 Brain Tumor MRI Dataset\classification_task\test\pituitary\brisc2025_test_00952_pi_sa_t1.jpg,pituitary,sagittal,2,2,pituitary,True,2,2,2,0.999997615814209,0.999995231628418,0.999997615814209,2.384185791015625e-06,0.0,2.384185791015625e-06,True,False,False,407,407,translated_exact_shape
119,437,D:\brain_tumor\🧠 Brain Tumor MRI Dataset\classification_task\test\meningioma\brisc2025_test_00438_me_co_t1.jpg,meningioma,coronal,1,1,meningioma,True,1,1,1,0.9999955892562866,0.9999958276748657,0.9999955892562866,-2.384185791015625e-07,0.0,-2.384185791015625e-07,False,False,False,1481,1481,translated_exact_shape
120,279,D:\brain_tumor\🧠 Brain Tumor MRI Dataset\classification_task\test\meningioma\brisc2025_test_00280_me_ax_t1.jpg,meningioma,axial,1,1,meningioma,True,1,3,1,0.9999990463256836,4.841481768380618e-06,0.9999990463256836,0.9999942048439152,0.0,0.9999942048439152,True,True,False,10971,10971,translated_exact_shape
121,551,D:\brain_tumor\🧠 Brain Tumor MRI Dataset\classification_task\test\meningioma\brisc2025_test_00552_me_sa_t1.jpg,meningioma,sagittal,1,1,meningioma,True,1,1,1,0.9998371601104736,0.9997441172599792,0.99983811378479,9.304285049438477e-05,-9.5367431640625e-07,9.399652481079102e-05,True,False,False,458,458,translated_exact_shape
122,236,D:\brain_tumor\🧠 Brain Tumor MRI Dataset\classification_task\test\glioma\brisc2025_test_00237_gl_sa_t1.jpg,glioma,sagittal,0,0,glioma,True,0,1,0,0.9999983310699463,2.327506535948487e-06,0.9999983310699463,0.9999960035634103,0.0,0.9999960035634103,True,True,False,568,568,translated_exact_shape
123,383,D:\brain_tumor\🧠 Brain Tumor MRI Dataset\classification_task\test\meningioma\brisc2025_test_00384_me_ax_t1.jpg,meningioma,axial,1,1,meningioma,True,1,1,1,0.9999854564666748,0.9999854564666748,0.9999858140945435,0.0,-3.5762786865234375e-07,3.5762786865234375e-07,True,False,False,774,774,translated_exact_shape
124,515,D:\brain_tumor\🧠 Brain Tumor MRI Dataset\classification_task\test\meningioma\brisc2025_test_00516_me_sa_t1.jpg,meningioma,sagittal,1,1,meningioma,True,1,1,1,0.9999945163726807,0.9999940395355225,0.9999945163726807,4.76837158203125e-07,0.0,4.76837158203125e-07,True,False,False,1115,1115,translated_exact_shape
125,192,D:\brain_tumor\🧠 Brain Tumor MRI Dataset\classification_task\test\glioma\brisc2025_test_00193_gl_sa_t1.jpg,glioma,sagittal,0,0,glioma,True,0,0,0,0.9999995231628418,0.9999959468841553,0.9999995231628418,3.5762786865234375e-06,0.0,3.5762786865234375e-06,True,False,False,6989,6989,equal_area_farthest_background
126,531,D:\brain_tumor\🧠 Brain Tumor MRI Dataset\classification_task\test\meningioma\brisc2025_test_00532_me_sa_t1.jpg,meningioma,sagittal,1,1,meningioma,True,1,1,1,0.9999908208847046,0.9999977350234985,0.9999908208847046,-6.9141387939453125e-06,0.0,-6.9141387939453125e-06,False,False,False,1351,1351,translated_exact_shape
127,821,D:\brain_tumor\🧠 Brain Tumor MRI Dataset\classification_task\test\pituitary\brisc2025_test_00822_pi_ax_t1.jpg,pituitary,axial,2,2,pituitary,True,2,2,2,0.9999915361404419,0.9999896287918091,0.9999915361404419,1.9073486328125e-06,0.0,1.9073486328125e-06,True,False,False,522,522,translated_exact_shape
128,898,D:\brain_tumor\🧠 Brain Tumor MRI Dataset\classification_task\test\pituitary\brisc2025_test_00899_pi_co_t1.jpg,pituitary,coronal,2,2,pituitary,True,2,2,2,0.9999923706054688,0.9999943971633911,0.9999923706054688,-2.0265579223632812e-06,0.0,-2.0265579223632812e-06,False,False,False,386,386,translated_exact_shape
129,160,D:\brain_tumor\🧠 Brain Tumor MRI Dataset\classification_task\test\glioma\brisc2025_test_00161_gl_co_t1.jpg,glioma,coronal,0,0,glioma,True,0,1,0,0.9999984502792358,1.2630982382688671e-05,0.9999984502792358,0.9999858192968532,0.0,0.9999858192968532,True,True,False,2674,2674,translated_exact_shape
130,305,D:\brain_tumor\🧠 Brain Tumor MRI Dataset\classification_task\test\meningioma\brisc2025_test_00306_me_ax_t1.jpg,meningioma,axial,1,1,meningioma,True,1,1,1,0.9999982118606567,0.9999980926513672,0.9999979734420776,1.1920928955078125e-07,2.384185791015625e-07,-1.1920928955078125e-07,False,False,False,5356,5356,translated_exact_shape
131,932,D:\brain_tumor\🧠 Brain Tumor MRI Dataset\classification_task\test\pituitary\brisc2025_test_00933_pi_sa_t1.jpg,pituitary,sagittal,2,2,pituitary,True,2,2,2,0.9999922513961792,0.999990701675415,0.9999901056289673,1.5497207641601562e-06,2.1457672119140625e-06,-5.960464477539062e-07,False,False,False,404,404,translated_exact_shape
132,892,D:\brain_tumor\🧠 Brain Tumor MRI Dataset\classification_task\test\pituitary\brisc2025_test_00893_pi_co_t1.jpg,pituitary,coronal,2,2,pituitary,True,2,2,2,0.9999988079071045,0.9999576807022095,0.9999988079071045,4.112720489501953e-05,0.0,4.112720489501953e-05,True,False,False,1129,1129,translated_exact_shape
133,246,D:\brain_tumor\🧠 Brain Tumor MRI Dataset\classification_task\test\glioma\brisc2025_test_00247_gl_sa_t1.jpg,glioma,sagittal,0,0,glioma,True,0,1,0,0.9999998807907104,1.6603600670350716e-05,0.9999998807907104,0.9999832771900401,0.0,0.9999832771900401,True,True,False,1379,1379,translated_exact_shape
134,935,D:\brain_tumor\🧠 Brain Tumor MRI Dataset\classification_task\test\pituitary\brisc2025_test_00936_pi_sa_t1.jpg,pituitary,sagittal,2,2,pituitary,True,2,2,2,0.9999523162841797,0.9999430179595947,0.9999531507492065,9.298324584960938e-06,-8.344650268554688e-07,1.0132789611816406e-05,True,False,False,180,180,translated_exact_shape
135,0,D:\brain_tumor\🧠 Brain Tumor MRI Dataset\classification_task\test\glioma\brisc2025_test_00001_gl_ax_t1.jpg,glioma,axial,0,0,glioma,True,0,0,0,0.9999997615814209,0.9999997615814209,0.9999997615814209,0.0,0.0,0.0,False,False,False,366,366,translated_exact_shape
136,387,D:\brain_tumor\🧠 Brain Tumor MRI Dataset\classification_task\test\meningioma\brisc2025_test_00388_me_ax_t1.jpg,meningioma,axial,1,1,meningioma,True,1,1,1,0.9999939203262329,0.9999934434890747,0.9999940395355225,4.76837158203125e-07,-1.1920928955078125e-07,5.960464477539062e-07,True,False,False,1278,1278,translated_exact_shape
137,871,D:\brain_tumor\🧠 Brain Tumor MRI Dataset\classification_task\test\pituitary\brisc2025_test_00872_pi_co_t1.jpg,pituitary,coronal,2,2,pituitary,True,2,2,2,0.9999984502792358,0.9999896287918091,0.9999984502792358,8.821487426757812e-06,0.0,8.821487426757812e-06,True,False,False,1265,1265,translated_exact_shape
138,739,D:\brain_tumor\🧠 Brain Tumor MRI Dataset\classification_task\test\pituitary\brisc2025_test_00740_pi_ax_t1.jpg,pituitary,axial,2,2,pituitary,True,2,1,2,0.9999963045120239,0.057069484144449234,0.9999963045120239,0.9429268203675747,0.0,0.9429268203675747,True,True,False,1019,1019,translated_exact_shape
139,489,D:\brain_tumor\🧠 Brain Tumor MRI Dataset\classification_task\test\meningioma\brisc2025_test_00490_me_sa_t1.jpg,meningioma,sagittal,1,1,meningioma,True,1,1,1,0.9999949932098389,0.9999986886978149,0.9999951124191284,-3.6954879760742188e-06,-1.1920928955078125e-07,-3.5762786865234375e-06,False,False,False,1973,1973,translated_exact_shape
140,823,D:\brain_tumor\🧠 Brain Tumor MRI Dataset\classification_task\test\pituitary\brisc2025_test_00824_pi_ax_t1.jpg,pituitary,axial,2,2,pituitary,True,2,2,2,0.9999727010726929,0.999993085861206,0.9999727010726929,-2.0384788513183594e-05,0.0,-2.0384788513183594e-05,False,False,False,478,478,translated_exact_shape
141,553,D:\brain_tumor\🧠 Brain Tumor MRI Dataset\classification_task\test\meningioma\brisc2025_test_00554_me_sa_t1.jpg,meningioma,sagittal,1,1,meningioma,True,1,1,1,0.9999991655349731,0.9999991655349731,0.9999991655349731,0.0,0.0,0.0,False,False,False,2614,2614,translated_exact_shape
142,434,D:\brain_tumor\🧠 Brain Tumor MRI Dataset\classification_task\test\meningioma\brisc2025_test_00435_me_co_t1.jpg,meningioma,coronal,1,1,meningioma,True,1,1,1,0.9999740123748779,0.999983549118042,0.9999738931655884,-9.5367431640625e-06,1.1920928955078125e-07,-9.655952453613281e-06,False,False,False,594,594,translated_exact_shape
143,870,D:\brain_tumor\🧠 Brain Tumor MRI Dataset\classification_task\test\pituitary\brisc2025_test_00871_pi_co_t1.jpg,pituitary,coronal,2,2,pituitary,True,2,2,2,0.9999982118606567,0.9999970197677612,0.9999982118606567,1.1920928955078125e-06,0.0,1.1920928955078125e-06,True,False,False,1805,1805,translated_exact_shape
144,959,D:\brain_tumor\🧠 Brain Tumor MRI Dataset\classification_task\test\pituitary\brisc2025_test_00960_pi_sa_t1.jpg,pituitary,sagittal,2,2,pituitary,True,2,2,2,0.99997878074646,0.9999867677688599,0.9999794960021973,-7.987022399902344e-06,-7.152557373046875e-07,-7.271766662597656e-06,False,False,False,252,252,translated_exact_shape
145,163,D:\brain_tumor\🧠 Brain Tumor MRI Dataset\classification_task\test\glioma\brisc2025_test_00164_gl_co_t1.jpg,glioma,coronal,0,0,glioma,True,0,1,0,0.9999986886978149,5.70384258935519e-07,0.9999986886978149,0.999998118313556,0.0,0.999998118313556,True,True,False,3018,3018,translated_exact_shape
146,461,D:\brain_tumor\🧠 Brain Tumor MRI Dataset\classification_task\test\meningioma\brisc2025_test_00462_me_co_t1.jpg,meningioma,coronal,1,1,meningioma,True,1,1,1,0.999997615814209,0.9999979734420776,0.999997615814209,-3.5762786865234375e-07,0.0,-3.5762786865234375e-07,False,False,False,2471,2471,translated_exact_shape
147,812,D:\brain_tumor\🧠 Brain Tumor MRI Dataset\classification_task\test\pituitary\brisc2025_test_00813_pi_ax_t1.jpg,pituitary,axial,2,2,pituitary,True,2,2,2,0.9996908903121948,0.9999691247940063,0.9995449185371399,-0.00027823448181152344,0.00014597177505493164,-0.0004242062568664551,False,False,False,481,481,translated_exact_shape
148,55,D:\brain_tumor\🧠 Brain Tumor MRI Dataset\classification_task\test\glioma\brisc2025_test_00056_gl_ax_t1.jpg,glioma,axial,0,0,glioma,True,0,0,0,0.9999969005584717,0.9977733492851257,0.9999967813491821,0.0022235512733459473,1.1920928955078125e-07,0.0022234320640563965,True,False,False,457,457,translated_exact_shape
149,495,D:\brain_tumor\🧠 Brain Tumor MRI Dataset\classification_task\test\meningioma\brisc2025_test_00496_me_sa_t1.jpg,meningioma,sagittal,1,1,meningioma,True,1,1,1,0.9999336004257202,0.9999971389770508,0.9999399185180664,-6.35385513305664e-05,-6.318092346191406e-06,-5.7220458984375e-05,False,False,False,1718,1718,translated_exact_shape
150,752,D:\brain_tumor\🧠 Brain Tumor MRI Dataset\classification_task\test\pituitary\brisc2025_test_00753_pi_ax_t1.jpg,pituitary,axial,2,2,pituitary,True,2,2,2,0.999991774559021,0.9999936819076538,0.999991774559021,-1.9073486328125e-06,0.0,-1.9073486328125e-06,False,False,False,419,419,translated_exact_shape
