selection_id,dataset_index,path,mask_path,class_name,plane,true_idx,phase9_pred_idx,phase9_pred_class,phase9_correct,phase9_confidence,forward_pred_idx,forward_pred_matches_phase9,target_score,xai_dice,xai_iou,pointing_game,tumor_saliency_fraction,cam_area_ratio,degenerate_cam,cam_max,cam_mean,expert_tumor_area_ratio
1,455,D:\brain_tumor\🧠 Brain Tumor MRI Dataset\classification_task\test\meningioma\brisc2025_test_00456_me_co_t1.jpg,D:\brain_tumor\🧠 Brain Tumor MRI Dataset\segmentation_task\test\masks\brisc2025_test_00456_me_co_t1.png,meningioma,coronal,1,1,meningioma,True,1.0,1,True,7.622802734375,0.27635619242579323,0.16033254156769597,0.0,0.11198050880685989,0.038543701171875,False,1.0,0.047306664288043976,0.0061798095703125
2,130,D:\brain_tumor\🧠 Brain Tumor MRI Dataset\classification_task\test\glioma\brisc2025_test_00131_gl_co_t1.jpg,D:\brain_tumor\🧠 Brain Tumor MRI Dataset\segmentation_task\test\masks\brisc2025_test_00131_gl_co_t1.png,glioma,coronal,0,0,glioma,True,1.0,0,True,8.008246421813965,0.2027097446586764,0.11278631487387648,0.0,0.08206757963666472,0.049041748046875,False,1.0,0.06238781288266182,0.009521484375
3,905,D:\brain_tumor\🧠 Brain Tumor MRI Dataset\classification_task\test\pituitary\brisc2025_test_00906_pi_co_t1.jpg,D:\brain_tumor\🧠 Brain Tumor MRI Dataset\segmentation_task\test\masks\brisc2025_test_00906_pi_co_t1.png,pituitary,coronal,2,2,pituitary,True,1.0,2,True,10.571555137634277,0.33482364629905614,0.20107398568019094,0.0,0.2239687332365877,0.01776123046875,False,1.0,0.0264181699603796,0.0129547119140625
4,420,D:\brain_tumor\🧠 Brain Tumor MRI Dataset\classification_task\test\meningioma\brisc2025_test_00421_me_co_t1.jpg,D:\brain_tumor\🧠 Brain Tumor MRI Dataset\segmentation_task\test\masks\brisc2025_test_00421_me_co_t1.png,meningioma,coronal,1,1,meningioma,True,1.0,1,True,10.9621000289917,0.0,0.0,0.0,0.0,0.0,True,0.0,0.0,0.0463714599609375
5,402,D:\brain_tumor\🧠 Brain Tumor MRI Dataset\classification_task\test\meningioma\brisc2025_test_00403_me_co_t1.jpg,D:\brain_tumor\🧠 Brain Tumor MRI Dataset\segmentation_task\test\masks\brisc2025_test_00403_me_co_t1.png,meningioma,coronal,1,1,meningioma,True,0.9995,1,True,8.641966819763184,0.4954621848739496,0.3293118856121537,1.0,0.3383233549066029,0.025421142578125,False,1.0,0.03164560720324516,0.0199737548828125
6,100,D:\brain_tumor\🧠 Brain Tumor MRI Dataset\classification_task\test\glioma\brisc2025_test_00101_gl_co_t1.jpg,D:\brain_tumor\🧠 Brain Tumor MRI Dataset\segmentation_task\test\masks\brisc2025_test_00101_gl_co_t1.png,glioma,coronal,0,0,glioma,True,1.0,0,True,10.85360050201416,0.2903869166334264,0.16985534297713487,0.0,0.11410467576121529,0.0310516357421875,False,1.0,0.04158463329076767,0.0072021484375
7,254,D:\brain_tumor\🧠 Brain Tumor MRI Dataset\classification_task\test\meningioma\brisc2025_test_00255_me_ax_t1.jpg,D:\brain_tumor\🧠 Brain Tumor MRI Dataset\segmentation_task\test\masks\brisc2025_test_00255_me_ax_t1.png,meningioma,axial,1,1,meningioma,True,0.9995,1,True,6.379804611206055,0.28948758584257794,0.1692402717726992,0.0,0.34643493144434984,0.029266357421875,False,1.0,0.04088357090950012,0.0573883056640625
8,966,D:\brain_tumor\🧠 Brain Tumor MRI Dataset\classification_task\test\pituitary\brisc2025_test_00967_pi_sa_t1.jpg,D:\brain_tumor\🧠 Brain Tumor MRI Dataset\segmentation_task\test\masks\brisc2025_test_00967_pi_sa_t1.png,pituitary,sagittal,2,2,pituitary,True,1.0,2,True,10.369050979614258,0.5518181818181818,0.3810420590081607,1.0,0.17191543043574284,0.0242767333984375,False,1.0,0.04114646092057228,0.0092926025390625
9,406,D:\brain_tumor\🧠 Brain Tumor MRI Dataset\classification_task\test\meningioma\brisc2025_test_00407_me_co_t1.jpg,D:\brain_tumor\🧠 Brain Tumor MRI Dataset\segmentation_task\test\masks\brisc2025_test_00407_me_co_t1.png,meningioma,coronal,1,1,meningioma,True,1.0,1,True,10.953859329223633,0.0,0.0,0.0,0.0,0.0,True,0.0,0.0,0.0314788818359375
10,468,D:\brain_tumor\🧠 Brain Tumor MRI Dataset\classification_task\test\meningioma\brisc2025_test_00469_me_co_t1.jpg,D:\brain_tumor\🧠 Brain Tumor MRI Dataset\segmentation_task\test\masks\brisc2025_test_00469_me_co_t1.png,meningioma,coronal,1,1,meningioma,True,1.0,1,True,9.999680519104004,0.0,0.0,0.0,0.0,0.0,True,0.0,0.0,0.0193939208984375
11,806,D:\brain_tumor\🧠 Brain Tumor MRI Dataset\classification_task\test\pituitary\brisc2025_test_00807_pi_ax_t1.jpg,D:\brain_tumor\🧠 Brain Tumor MRI Dataset\segmentation_task\test\masks\brisc2025_test_00807_pi_ax_t1.png,pituitary,axial,2,2,pituitary,True,1.0,2,True,8.934446334838867,0.43775100401606426,0.2802056555269923,0.0,0.13334606508159194,0.035614013671875,False,1.0,0.059972237795591354,0.009979248046875
12,35,D:\brain_tumor\🧠 Brain Tumor MRI Dataset\classification_task\test\glioma\brisc2025_test_00036_gl_ax_t1.jpg,D:\brain_tumor\🧠 Brain Tumor MRI Dataset\segmentation_task\test\masks\brisc2025_test_00036_gl_ax_t1.png,glioma,axial,0,0,glioma,True,1.0,0,True,11.220244407653809,0.47802197802197804,0.3140794223826715,1.0,0.20730142043531458,0.025360107421875,False,1.0,0.031510140746831894,0.007965087890625
13,199,D:\brain_tumor\🧠 Brain Tumor MRI Dataset\classification_task\test\glioma\brisc2025_test_00200_gl_sa_t1.jpg,D:\brain_tumor\🧠 Brain Tumor MRI Dataset\segmentation_task\test\masks\brisc2025_test_00200_gl_sa_t1.png,glioma,sagittal,0,0,glioma,True,1.0,0,True,12.362101554870605,0.66796875,0.501466275659824,1.0,0.41308012925445864,0.0140838623046875,False,1.0,0.023189667612314224,0.0171661376953125
14,66,D:\brain_tumor\🧠 Brain Tumor MRI Dataset\classification_task\test\glioma\brisc2025_test_00067_gl_ax_t1.jpg,D:\brain_tumor\🧠 Brain Tumor MRI Dataset\segmentation_task\test\masks\brisc2025_test_00067_gl_ax_t1.png,glioma,axial,0,0,glioma,True,1.0,0,True,11.942270278930664,0.0717869548436897,0.03722978382706165,0.0,0.020825754704516065,0.038116455078125,False,1.0,0.0462506040930748,0.0014190673828125
15,87,D:\brain_tumor\🧠 Brain Tumor MRI Dataset\classification_task\test\glioma\brisc2025_test_00088_gl_co_t1.jpg,D:\brain_tumor\🧠 Brain Tumor MRI Dataset\segmentation_task\test\masks\brisc2025_test_00088_gl_co_t1.png,glioma,coronal,0,0,glioma,True,1.0,0,True,12.4811372756958,0.3380735175744567,0.20342266709719084,1.0,0.2674397190271605,0.0314178466796875,False,1.0,0.0394083708524704,0.02545166015625
16,365,D:\brain_tumor\🧠 Brain Tumor MRI Dataset\classification_task\test\meningioma\brisc2025_test_00366_me_ax_t1.jpg,D:\brain_tumor\🧠 Brain Tumor MRI Dataset\segmentation_task\test\masks\brisc2025_test_00366_me_ax_t1.png,meningioma,axial,1,1,meningioma,True,1.0,1,True,10.089062690734863,0.7905337361530715,0.6536219816819318,1.0,0.45611602136539653,0.0519561767578125,False,1.0,0.062325380742549896,0.0389556884765625
17,741,D:\brain_tumor\🧠 Brain Tumor MRI Dataset\classification_task\test\pituitary\brisc2025_test_00742_pi_ax_t1.jpg,D:\brain_tumor\🧠 Brain Tumor MRI Dataset\segmentation_task\test\masks\brisc2025_test_00742_pi_ax_t1.png,pituitary,axial,2,2,pituitary,True,1.0,2,True,9.564215660095215,0.24715117751329452,0.14099971106616585,0.0,0.08404653082996198,0.0528106689453125,False,1.0,0.08082745224237442,0.0074462890625
18,473,D:\brain_tumor\🧠 Brain Tumor MRI Dataset\classification_task\test\meningioma\brisc2025_test_00474_me_co_t1.jpg,D:\brain_tumor\🧠 Brain Tumor MRI Dataset\segmentation_task\test\masks\brisc2025_test_00474_me_co_t1.png,meningioma,coronal,1,1,meningioma,True,1.0,1,True,10.923457145690918,0.0,0.0,0.0,0.0,0.0,True,0.0,0.0,0.02716064453125
19,257,D:\brain_tumor\🧠 Brain Tumor MRI Dataset\classification_task\test\meningioma\brisc2025_test_00258_me_ax_t1.jpg,D:\brain_tumor\🧠 Brain Tumor MRI Dataset\segmentation_task\test\masks\brisc2025_test_00258_me_ax_t1.png,meningioma,axial,1,1,meningioma,True,1.0,1,True,11.028159141540527,0.0,0.0,0.0,0.0,0.0,True,0.0,0.0,0.0423431396484375
20,879,D:\brain_tumor\🧠 Brain Tumor MRI Dataset\classification_task\test\pituitary\brisc2025_test_00880_pi_co_t1.jpg,D:\brain_tumor\🧠 Brain Tumor MRI Dataset\segmentation_task\test\masks\brisc2025_test_00880_pi_co_t1.png,pituitary,coronal,2,2,pituitary,True,1.0,2,True,9.433490753173828,0.45753899480069327,0.2966292134831461,1.0,0.14819806998839097,0.027130126953125,False,1.0,0.04446174204349518,0.008087158203125
21,128,D:\brain_tumor\🧠 Brain Tumor MRI Dataset\classification_task\test\glioma\brisc2025_test_00129_gl_co_t1.jpg,D:\brain_tumor\🧠 Brain Tumor MRI Dataset\segmentation_task\test\masks\brisc2025_test_00129_gl_co_t1.png,glioma,coronal,0,0,glioma,True,1.0,0,True,12.134923934936523,0.0,0.0,0.0,0.0791221857667756,0.025787353515625,False,1.0,0.03682903200387955,0.0118255615234375
22,843,D:\brain_tumor\🧠 Brain Tumor MRI Dataset\classification_task\test\pituitary\brisc2025_test_00844_pi_co_t1.jpg,D:\brain_tumor\🧠 Brain Tumor MRI Dataset\segmentation_task\test\masks\brisc2025_test_00844_pi_co_t1.png,pituitary,coronal,2,2,pituitary,True,1.0,2,True,10.120882034301758,0.2766313441160067,0.16051779935275082,0.0,0.09833121035979042,0.017333984375,False,1.0,0.04533245414495468,0.0100250244140625
23,155,D:\brain_tumor\🧠 Brain Tumor MRI Dataset\classification_task\test\glioma\brisc2025_test_00156_gl_co_t1.jpg,D:\brain_tumor\🧠 Brain Tumor MRI Dataset\segmentation_task\test\masks\brisc2025_test_00156_gl_co_t1.png,glioma,coronal,0,0,glioma,True,1.0,0,True,11.080144882202148,0.5592350746268657,0.3881515053415345,1.0,0.3472612746122704,0.0346832275390625,False,1.0,0.05019616335630417,0.0307464599609375
24,913,D:\brain_tumor\🧠 Brain Tumor MRI Dataset\classification_task\test\pituitary\brisc2025_test_00914_pi_co_t1.jpg,D:\brain_tumor\🧠 Brain Tumor MRI Dataset\segmentation_task\test\masks\brisc2025_test_00914_pi_co_t1.png,pituitary,coronal,2,2,pituitary,True,1.0,2,True,10.187590599060059,0.0,0.0,0.0,0.011544158963605267,0.018585205078125,False,1.0,0.04293151572346687,0.014495849609375
25,889,D:\brain_tumor\🧠 Brain Tumor MRI Dataset\classification_task\test\pituitary\brisc2025_test_00890_pi_co_t1.jpg,D:\brain_tumor\🧠 Brain Tumor MRI Dataset\segmentation_task\test\masks\brisc2025_test_00890_pi_co_t1.png,pituitary,coronal,2,2,pituitary,True,1.0,2,True,9.398303031921387,0.029465260094579847,0.01495292597378623,0.0,0.012635410350326937,0.0802764892578125,False,1.0,0.1258816123008728,0.0036163330078125
26,968,D:\brain_tumor\🧠 Brain Tumor MRI Dataset\classification_task\test\pituitary\brisc2025_test_00969_pi_sa_t1.jpg,D:\brain_tumor\🧠 Brain Tumor MRI Dataset\segmentation_task\test\masks\brisc2025_test_00969_pi_sa_t1.png,pituitary,sagittal,2,2,pituitary,True,1.0,2,True,10.042512893676758,0.5516255805644873,0.38085841144548593,1.0,0.1705766203011727,0.0305023193359375,False,1.0,0.053169116377830505,0.01220703125
27,773,D:\brain_tumor\🧠 Brain Tumor MRI Dataset\classification_task\test\pituitary\brisc2025_test_00774_pi_ax_t1.jpg,D:\brain_tumor\🧠 Brain Tumor MRI Dataset\segmentation_task\test\masks\brisc2025_test_00774_pi_ax_t1.png,pituitary,axial,2,2,pituitary,True,1.0,2,True,9.122835159301758,0.23899721448467967,0.13571654539702627,0.0,0.08044974507643442,0.0482330322265625,False,1.0,0.06992247700691223,0.0065460205078125
28,952,D:\brain_tumor\🧠 Brain Tumor MRI Dataset\classification_task\test\pituitary\brisc2025_test_00953_pi_sa_t1.jpg,D:\brain_tumor\🧠 Brain Tumor MRI Dataset\segmentation_task\test\masks\brisc2025_test_00953_pi_sa_t1.png,pituitary,sagittal,2,2,pituitary,True,1.0,2,True,10.296724319458008,0.5323805270209915,0.36275106512477173,0.0,0.17683031092812498,0.024993896484375,False,1.0,0.039944108575582504,0.0091705322265625
29,231,D:\brain_tumor\🧠 Brain Tumor MRI Dataset\classification_task\test\glioma\brisc2025_test_00232_gl_sa_t1.jpg,D:\brain_tumor\🧠 Brain Tumor MRI Dataset\segmentation_task\test\masks\brisc2025_test_00232_gl_sa_t1.png,glioma,sagittal,0,0,glioma,True,1.0,0,True,11.24754524230957,0.49547920433996384,0.3293269230769231,1.0,0.19417741002101,0.0248870849609375,False,1.0,0.03404645249247551,0.0088653564453125
30,131,D:\brain_tumor\🧠 Brain Tumor MRI Dataset\classification_task\test\glioma\brisc2025_test_00132_gl_co_t1.jpg,D:\brain_tumor\🧠 Brain Tumor MRI Dataset\segmentation_task\test\masks\brisc2025_test_00132_gl_co_t1.png,glioma,coronal,0,0,glioma,True,1.0,0,True,12.398202896118164,0.5454545454545454,0.375,1.0,0.2401271923537875,0.0155487060546875,False,1.0,0.028217678889632225,0.0119781494140625
31,161,D:\brain_tumor\🧠 Brain Tumor MRI Dataset\classification_task\test\glioma\brisc2025_test_00162_gl_co_t1.jpg,D:\brain_tumor\🧠 Brain Tumor MRI Dataset\segmentation_task\test\masks\brisc2025_test_00162_gl_co_t1.png,glioma,coronal,0,0,glioma,True,1.0,0,True,12.207377433776855,0.31601888848528875,0.18766177739430542,1.0,0.19340947620111035,0.02545166015625,False,1.0,0.03926306590437889,0.0165557861328125
32,54,D:\brain_tumor\🧠 Brain Tumor MRI Dataset\classification_task\test\glioma\brisc2025_test_00055_gl_ax_t1.jpg,D:\brain_tumor\🧠 Brain Tumor MRI Dataset\segmentation_task\test\masks\brisc2025_test_00055_gl_ax_t1.png,glioma,axial,0,0,glioma,True,1.0,0,True,11.404674530029297,0.0,0.0,0.0,0.031680399920513955,0.039581298828125,False,1.0,0.047295670956373215,0.030487060546875
33,373,D:\brain_tumor\🧠 Brain Tumor MRI Dataset\classification_task\test\meningioma\brisc2025_test_00374_me_ax_t1.jpg,D:\brain_tumor\🧠 Brain Tumor MRI Dataset\segmentation_task\test\masks\brisc2025_test_00374_me_ax_t1.png,meningioma,axial,1,1,meningioma,True,1.0,1,True,9.698746681213379,0.727854855923159,0.5721476510067114,1.0,0.43029226038261825,0.0124969482421875,False,1.0,0.02183825708925724,0.0160980224609375
34,47,D:\brain_tumor\🧠 Brain Tumor MRI Dataset\classification_task\test\glioma\brisc2025_test_00048_gl_ax_t1.jpg,D:\brain_tumor\🧠 Brain Tumor MRI Dataset\segmentation_task\test\masks\brisc2025_test_00048_gl_ax_t1.png,glioma,axial,0,0,glioma,True,1.0,0,True,11.771591186523438,0.44976076555023925,0.29012345679012347,0.0,0.2997071455973603,0.01220703125,False,1.0,0.020593050867319107,0.0133056640625
35,226,D:\brain_tumor\🧠 Brain Tumor MRI Dataset\classification_task\test\glioma\brisc2025_test_00227_gl_sa_t1.jpg,D:\brain_tumor\🧠 Brain Tumor MRI Dataset\segmentation_task\test\masks\brisc2025_test_00227_gl_sa_t1.png,glioma,sagittal,0,0,glioma,True,1.0,0,True,10.896068572998047,0.37125129265770423,0.22793650793650794,1.0,0.12267204965779871,0.0240325927734375,False,1.0,0.036828815937042236,0.0054779052734375
36,928,D:\brain_tumor\🧠 Brain Tumor MRI Dataset\classification_task\test\pituitary\brisc2025_test_00929_pi_sa_t1.jpg,D:\brain_tumor\🧠 Brain Tumor MRI Dataset\segmentation_task\test\masks\brisc2025_test_00929_pi_sa_t1.png,pituitary,sagittal,2,2,pituitary,True,1.0,2,True,8.714043617248535,0.25226312613156304,0.14433701657458564,0.0,0.04783871108073221,0.022064208984375,False,1.0,0.04496382549405098,0.0032196044921875
37,376,D:\brain_tumor\🧠 Brain Tumor MRI Dataset\classification_task\test\meningioma\brisc2025_test_00377_me_ax_t1.jpg,D:\brain_tumor\🧠 Brain Tumor MRI Dataset\segmentation_task\test\masks\brisc2025_test_00377_me_ax_t1.png,meningioma,axial,1,1,meningioma,True,1.0,1,True,8.982813835144043,0.7256497768443161,0.569427276473012,1.0,0.41275033149519197,0.074066162109375,False,1.0,0.08326639235019684,0.04217529296875
38,86,D:\brain_tumor\🧠 Brain Tumor MRI Dataset\classification_task\test\glioma\brisc2025_test_00087_gl_co_t1.jpg,D:\brain_tumor\🧠 Brain Tumor MRI Dataset\segmentation_task\test\masks\brisc2025_test_00087_gl_co_t1.png,glioma,coronal,0,0,glioma,True,1.0,0,True,11.323454856872559,0.2903654485049834,0.1698406529343179,0.0,0.16375781659757874,0.030059814453125,False,1.0,0.04339110851287842,0.015869140625
39,12,D:\brain_tumor\🧠 Brain Tumor MRI Dataset\classification_task\test\glioma\brisc2025_test_00013_gl_ax_t1.jpg,D:\brain_tumor\🧠 Brain Tumor MRI Dataset\segmentation_task\test\masks\brisc2025_test_00013_gl_ax_t1.png,glioma,axial,0,0,glioma,True,1.0,0,True,12.416393280029297,0.0009103322712790169,0.0004553734061930783,0.0,0.1142944580133651,0.0159149169921875,False,1.0,0.02876296639442444,0.017608642578125
40,85,D:\brain_tumor\🧠 Brain Tumor MRI Dataset\classification_task\test\glioma\brisc2025_test_00086_gl_co_t1.jpg,D:\brain_tumor\🧠 Brain Tumor MRI Dataset\segmentation_task\test\masks\brisc2025_test_00086_gl_co_t1.png,glioma,coronal,0,0,glioma,True,1.0,0,True,11.887822151184082,0.1805183199285076,0.09921414538310412,0.0,0.12450578725560577,0.037200927734375,False,1.0,0.04529602825641632,0.0140228271484375
41,931,D:\brain_tumor\🧠 Brain Tumor MRI Dataset\classification_task\test\pituitary\brisc2025_test_00932_pi_sa_t1.jpg,D:\brain_tumor\🧠 Brain Tumor MRI Dataset\segmentation_task\test\masks\brisc2025_test_00932_pi_sa_t1.png,pituitary,sagittal,2,2,pituitary,True,1.0,2,True,9.920732498168945,0.29530978575564565,0.17323369565217392,0.0,0.08735503149630243,0.04486083984375,False,1.0,0.06802068650722504,0.007843017578125
42,491,D:\brain_tumor\🧠 Brain Tumor MRI Dataset\classification_task\test\meningioma\brisc2025_test_00492_me_sa_t1.jpg,D:\brain_tumor\🧠 Brain Tumor MRI Dataset\segmentation_task\test\masks\brisc2025_test_00492_me_sa_t1.png,meningioma,sagittal,1,1,meningioma,True,1.0,1,True,11.255232810974121,0.7687285784233719,0.6243372216330859,1.0,0.6198103989170705,0.0435791015625,False,1.0,0.050454773008823395,0.0499114990234375
43,517,D:\brain_tumor\🧠 Brain Tumor MRI Dataset\classification_task\test\meningioma\brisc2025_test_00518_me_sa_t1.jpg,D:\brain_tumor\🧠 Brain Tumor MRI Dataset\segmentation_task\test\masks\brisc2025_test_00518_me_sa_t1.png,meningioma,sagittal,1,1,meningioma,True,1.0,1,True,10.082365989685059,0.8030973451327433,0.6709796672828097,1.0,0.5016161644871959,0.05084228515625,False,1.0,0.0631069540977478,0.04571533203125
44,33,D:\brain_tumor\🧠 Brain Tumor MRI Dataset\classification_task\test\glioma\brisc2025_test_00034_gl_ax_t1.jpg,D:\brain_tumor\🧠 Brain Tumor MRI Dataset\segmentation_task\test\masks\brisc2025_test_00034_gl_ax_t1.png,glioma,axial,0,0,glioma,True,1.0,0,True,12.378787994384766,0.28551385478779373,0.1665302782324059,0.0,0.1521331931025026,0.0298919677734375,False,1.0,0.03918089717626572,0.01361083984375
45,40,D:\brain_tumor\🧠 Brain Tumor MRI Dataset\classification_task\test\glioma\brisc2025_test_00041_gl_ax_t1.jpg,D:\brain_tumor\🧠 Brain Tumor MRI Dataset\segmentation_task\test\masks\brisc2025_test_00041_gl_ax_t1.png,glioma,axial,0,0,glioma,True,1.0,0,True,11.037993431091309,0.36003303055326175,0.21953675730110775,1.0,0.47606039057767263,0.0103759765625,False,1.0,0.016124967485666275,0.026580810546875
46,454,D:\brain_tumor\🧠 Brain Tumor MRI Dataset\classification_task\test\meningioma\brisc2025_test_00455_me_co_t1.jpg,D:\brain_tumor\🧠 Brain Tumor MRI Dataset\segmentation_task\test\masks\brisc2025_test_00455_me_co_t1.png,meningioma,coronal,1,1,meningioma,True,1.0,1,True,7.9996562004089355,0.3045414069456812,0.1796218487394958,0.0,0.17390139304028743,0.0374908447265625,False,1.0,0.045924436300992966,0.013916015625
47,939,D:\brain_tumor\🧠 Brain Tumor MRI Dataset\classification_task\test\pituitary\brisc2025_test_00940_pi_sa_t1.jpg,D:\brain_tumor\🧠 Brain Tumor MRI Dataset\segmentation_task\test\masks\brisc2025_test_00940_pi_sa_t1.png,pituitary,sagittal,2,2,pituitary,True,1.0,2,True,9.353814125061035,0.33674339300937767,0.20246027678113787,1.0,0.08790943621507846,0.029754638671875,False,1.0,0.051123227924108505,0.00604248046875
48,964,D:\brain_tumor\🧠 Brain Tumor MRI Dataset\classification_task\test\pituitary\brisc2025_test_00965_pi_sa_t1.jpg,D:\brain_tumor\🧠 Brain Tumor MRI Dataset\segmentation_task\test\masks\brisc2025_test_00965_pi_sa_t1.png,pituitary,sagittal,2,2,pituitary,True,1.0,2,True,9.775200843811035,0.4143692564745196,0.2613277133825079,1.0,0.1036081399107517,0.0288543701171875,False,1.0,0.056044042110443115,0.0076751708984375
49,432,D:\brain_tumor\🧠 Brain Tumor MRI Dataset\classification_task\test\meningioma\brisc2025_test_00433_me_co_t1.jpg,D:\brain_tumor\🧠 Brain Tumor MRI Dataset\segmentation_task\test\masks\brisc2025_test_00433_me_co_t1.png,meningioma,coronal,1,2,pituitary,False,0.85,2,True,4.784231662750244,0.0,0.0,0.0,0.02040386759504887,0.02545166015625,False,1.0,0.04519352316856384,0.006256103515625
50,822,D:\brain_tumor\🧠 Brain Tumor MRI Dataset\classification_task\test\pituitary\brisc2025_test_00823_pi_ax_t1.jpg,D:\brain_tumor\🧠 Brain Tumor MRI Dataset\segmentation_task\test\masks\brisc2025_test_00823_pi_ax_t1.png,pituitary,axial,2,2,pituitary,True,1.0,2,True,9.191181182861328,0.22638603696098564,0.1276410998552822,0.0,0.07974375098825233,0.0527191162109375,False,1.0,0.07716551423072815,0.0067291259765625
51,533,D:\brain_tumor\🧠 Brain Tumor MRI Dataset\classification_task\test\meningioma\brisc2025_test_00534_me_sa_t1.jpg,D:\brain_tumor\🧠 Brain Tumor MRI Dataset\segmentation_task\test\masks\brisc2025_test_00534_me_sa_t1.png,meningioma,sagittal,1,1,meningioma,True,1.0,1,True,11.039385795593262,0.0,0.0,0.0,0.0,0.01275634765625,False,1.0,0.0158730149269104,0.021270751953125
52,771,D:\brain_tumor\🧠 Brain Tumor MRI Dataset\classification_task\test\pituitary\brisc2025_test_00772_pi_ax_t1.jpg,D:\brain_tumor\🧠 Brain Tumor MRI Dataset\segmentation_task\test\masks\brisc2025_test_00772_pi_ax_t1.png,pituitary,axial,2,2,pituitary,True,1.0,2,True,10.3212308883667,0.47985235312211627,0.31566167543504653,1.0,0.1334581985722683,0.0377044677734375,False,1.0,0.07381661236286163,0.01190185546875
53,404,D:\brain_tumor\🧠 Brain Tumor MRI Dataset\classification_task\test\meningioma\brisc2025_test_00405_me_co_t1.jpg,D:\brain_tumor\🧠 Brain Tumor MRI Dataset\segmentation_task\test\masks\brisc2025_test_00405_me_co_t1.png,meningioma,coronal,1,1,meningioma,True,1.0,1,True,10.148880004882812,0.0,0.0,0.0,0.0,0.0,True,0.0,0.0,0.015899658203125
54,78,D:\brain_tumor\🧠 Brain Tumor MRI Dataset\classification_task\test\glioma\brisc2025_test_00079_gl_ax_t1.jpg,D:\brain_tumor\🧠 Brain Tumor MRI Dataset\segmentation_task\test\masks\brisc2025_test_00079_gl_ax_t1.png,glioma,axial,0,0,glioma,True,1.0,0,True,12.332368850708008,0.47724259832081306,0.3134068485200232,1.0,0.34803516565159504,0.01580810546875,False,1.0,0.02645302750170231,0.0187225341796875
55,825,D:\brain_tumor\🧠 Brain Tumor MRI Dataset\classification_task\test\pituitary\brisc2025_test_00826_pi_co_t1.jpg,D:\brain_tumor\🧠 Brain Tumor MRI Dataset\segmentation_task\test\masks\brisc2025_test_00826_pi_co_t1.png,pituitary,coronal,2,1,meningioma,False,0.9907,1,True,5.397679328918457,0.40660736975857686,0.2551834130781499,1.0,0.24123393110907032,0.012969970703125,False,1.0,0.02176770195364952,0.01104736328125
56,441,D:\brain_tumor\🧠 Brain Tumor MRI Dataset\classification_task\test\meningioma\brisc2025_test_00442_me_co_t1.jpg,D:\brain_tumor\🧠 Brain Tumor MRI Dataset\segmentation_task\test\masks\brisc2025_test_00442_me_co_t1.png,meningioma,coronal,1,1,meningioma,True,1.0,1,True,10.099766731262207,0.0,0.0,0.0,0.0,0.0,True,0.0,0.0,0.023193359375
57,96,D:\brain_tumor\🧠 Brain Tumor MRI Dataset\classification_task\test\glioma\brisc2025_test_00097_gl_co_t1.jpg,D:\brain_tumor\🧠 Brain Tumor MRI Dataset\segmentation_task\test\masks\brisc2025_test_00097_gl_co_t1.png,glioma,coronal,0,0,glioma,True,1.0,0,True,10.541732788085938,0.6913031397610447,0.5282377919320594,1.0,0.7073241940897038,0.0387725830078125,False,1.0,0.051897525787353516,0.0710601806640625
58,234,D:\brain_tumor\🧠 Brain Tumor MRI Dataset\classification_task\test\glioma\brisc2025_test_00235_gl_sa_t1.jpg,D:\brain_tumor\🧠 Brain Tumor MRI Dataset\segmentation_task\test\masks\brisc2025_test_00235_gl_sa_t1.png,glioma,sagittal,0,0,glioma,True,1.0,0,True,9.456855773925781,0.02132849080453631,0.010779197408673745,0.0,0.007922589670718554,0.8468475341796875,False,1.0,0.66766756772995,0.010223388671875
59,205,D:\brain_tumor\🧠 Brain Tumor MRI Dataset\classification_task\test\glioma\brisc2025_test_00206_gl_sa_t1.jpg,D:\brain_tumor\🧠 Brain Tumor MRI Dataset\segmentation_task\test\masks\brisc2025_test_00206_gl_sa_t1.png,glioma,sagittal,0,0,glioma,True,1.0,0,True,11.791816711425781,0.47233923055321536,0.30919117647058825,0.0,0.4367336600052023,0.0206451416015625,False,1.0,0.03200468048453331,0.03369140625
60,287,D:\brain_tumor\🧠 Brain Tumor MRI Dataset\classification_task\test\meningioma\brisc2025_test_00288_me_ax_t1.jpg,D:\brain_tumor\🧠 Brain Tumor MRI Dataset\segmentation_task\test\masks\brisc2025_test_00288_me_ax_t1.png,meningioma,axial,1,1,meningioma,True,1.0,1,True,10.9053373336792,0.0,0.0,0.0,0.0,0.0,True,0.0,0.0,0.033905029296875
61,824,D:\brain_tumor\🧠 Brain Tumor MRI Dataset\classification_task\test\pituitary\brisc2025_test_00825_pi_co_t1.jpg,D:\brain_tumor\🧠 Brain Tumor MRI Dataset\segmentation_task\test\masks\brisc2025_test_00825_pi_co_t1.png,pituitary,coronal,2,2,pituitary,True,1.0,2,True,10.550347328186035,0.24435223605348086,0.13918067226890757,0.0,0.19229615345244544,0.01763916015625,False,1.0,0.025755776092410088,0.0154571533203125
62,90,D:\brain_tumor\🧠 Brain Tumor MRI Dataset\classification_task\test\glioma\brisc2025_test_00091_gl_co_t1.jpg,D:\brain_tumor\🧠 Brain Tumor MRI Dataset\segmentation_task\test\masks\brisc2025_test_00091_gl_co_t1.png,glioma,coronal,0,0,glioma,True,1.0,0,True,11.839404106140137,0.5509433962264151,0.3802083333333333,1.0,0.3805402559097543,0.0339508056640625,False,1.0,0.0466093085706234,0.0347900390625
63,158,D:\brain_tumor\🧠 Brain Tumor MRI Dataset\classification_task\test\glioma\brisc2025_test_00159_gl_co_t1.jpg,D:\brain_tumor\🧠 Brain Tumor MRI Dataset\segmentation_task\test\masks\brisc2025_test_00159_gl_co_t1.png,glioma,coronal,0,0,glioma,True,1.0,0,True,11.509464263916016,0.1939799331103679,0.10740740740740741,0.0,0.19571248450406903,0.0244903564453125,False,1.0,0.035407405346632004,0.0211334228515625
64,98,D:\brain_tumor\🧠 Brain Tumor MRI Dataset\classification_task\test\glioma\brisc2025_test_00099_gl_co_t1.jpg,D:\brain_tumor\🧠 Brain Tumor MRI Dataset\segmentation_task\test\masks\brisc2025_test_00099_gl_co_t1.png,glioma,coronal,0,0,glioma,True,1.0,0,True,10.615991592407227,0.0,0.0,0.0,0.0010585626168536336,0.58349609375,False,1.0,0.5747406482696533,0.0013275146484375
65,513,D:\brain_tumor\🧠 Brain Tumor MRI Dataset\classification_task\test\meningioma\brisc2025_test_00514_me_sa_t1.jpg,D:\brain_tumor\🧠 Brain Tumor MRI Dataset\segmentation_task\test\masks\brisc2025_test_00514_me_sa_t1.png,meningioma,sagittal,1,1,meningioma,True,1.0,1,True,10.14659309387207,0.0,0.0,0.0,0.0,0.0,True,0.0,0.0,0.01751708984375
66,190,D:\brain_tumor\🧠 Brain Tumor MRI Dataset\classification_task\test\glioma\brisc2025_test_00191_gl_sa_t1.jpg,D:\brain_tumor\🧠 Brain Tumor MRI Dataset\segmentation_task\test\masks\brisc2025_test_00191_gl_sa_t1.png,glioma,sagittal,0,0,glioma,True,1.0,0,True,10.583464622497559,0.12195121951219512,0.06493506493506493,0.0,0.03026811576019439,0.019683837890625,False,1.0,0.030669746920466423,0.0015869140625
67,537,D:\brain_tumor\🧠 Brain Tumor MRI Dataset\classification_task\test\meningioma\brisc2025_test_00538_me_sa_t1.jpg,D:\brain_tumor\🧠 Brain Tumor MRI Dataset\segmentation_task\test\masks\brisc2025_test_00538_me_sa_t1.png,meningioma,sagittal,1,1,meningioma,True,1.0,1,True,8.85268783569336,0.5983525535420099,0.42689233662435355,1.0,0.2538821199919894,0.0324554443359375,False,1.0,0.04275992885231972,0.01385498046875
68,847,D:\brain_tumor\🧠 Brain Tumor MRI Dataset\classification_task\test\pituitary\brisc2025_test_00848_pi_co_t1.jpg,D:\brain_tumor\🧠 Brain Tumor MRI Dataset\segmentation_task\test\masks\brisc2025_test_00848_pi_co_t1.png,pituitary,coronal,2,2,pituitary,True,1.0,2,True,9.96006965637207,0.4721991701244813,0.30907115697990223,0.0,0.11897676015943351,0.0249176025390625,False,1.0,0.05944979563355446,0.0118560791015625
69,185,D:\brain_tumor\🧠 Brain Tumor MRI Dataset\classification_task\test\glioma\brisc2025_test_00186_gl_sa_t1.jpg,D:\brain_tumor\🧠 Brain Tumor MRI Dataset\segmentation_task\test\masks\brisc2025_test_00186_gl_sa_t1.png,glioma,sagittal,0,0,glioma,True,1.0,0,True,10.733850479125977,0.4185092318212902,0.264629576246757,0.0,0.24964901287215382,0.0424041748046875,False,1.0,0.049540840089321136,0.0245361328125
70,482,D:\brain_tumor\🧠 Brain Tumor MRI Dataset\classification_task\test\meningioma\brisc2025_test_00483_me_sa_t1.jpg,D:\brain_tumor\🧠 Brain Tumor MRI Dataset\segmentation_task\test\masks\brisc2025_test_00483_me_sa_t1.png,meningioma,sagittal,1,1,meningioma,True,1.0,1,True,8.995285987854004,0.45872170439414117,0.2976241900647948,0.0,0.17869045579724563,0.0350494384765625,False,1.0,0.04385136067867279,0.0107879638671875
71,802,D:\brain_tumor\🧠 Brain Tumor MRI Dataset\classification_task\test\pituitary\brisc2025_test_00803_pi_ax_t1.jpg,D:\brain_tumor\🧠 Brain Tumor MRI Dataset\segmentation_task\test\masks\brisc2025_test_00803_pi_ax_t1.png,pituitary,axial,2,2,pituitary,True,1.0,2,True,9.162087440490723,0.2667021559755124,0.15386977886977887,0.0,0.09261783046498394,0.0496826171875,False,1.0,0.07170569896697998,0.0076446533203125
72,127,D:\brain_tumor\🧠 Brain Tumor MRI Dataset\classification_task\test\glioma\brisc2025_test_00128_gl_co_t1.jpg,D:\brain_tumor\🧠 Brain Tumor MRI Dataset\segmentation_task\test\masks\brisc2025_test_00128_gl_co_t1.png,glioma,coronal,0,0,glioma,True,1.0,0,True,11.256781578063965,0.12028639618138424,0.06399187404773997,0.0,0.0922148516535759,0.0232696533203125,False,1.0,0.03381740301847458,0.008697509765625
73,948,D:\brain_tumor\🧠 Brain Tumor MRI Dataset\classification_task\test\pituitary\brisc2025_test_00949_pi_sa_t1.jpg,D:\brain_tumor\🧠 Brain Tumor MRI Dataset\segmentation_task\test\masks\brisc2025_test_00949_pi_sa_t1.png,pituitary,sagittal,2,2,pituitary,True,1.0,2,True,10.35582160949707,0.10168980084490042,0.05356859004927674,0.0,0.06838860302585227,0.0860595703125,False,1.0,0.098601795732975,0.01507568359375
74,720,D:\brain_tumor\🧠 Brain Tumor MRI Dataset\classification_task\test\pituitary\brisc2025_test_00721_pi_ax_t1.jpg,D:\brain_tumor\🧠 Brain Tumor MRI Dataset\segmentation_task\test\masks\brisc2025_test_00721_pi_ax_t1.png,pituitary,axial,2,2,pituitary,True,1.0,2,True,8.867321014404297,0.19562126812624395,0.10841474944847147,0.0,0.06529867526528751,0.0484161376953125,False,1.0,0.06871023029088974,0.0052490234375
75,299,D:\brain_tumor\🧠 Brain Tumor MRI Dataset\classification_task\test\meningioma\brisc2025_test_00300_me_ax_t1.jpg,D:\brain_tumor\🧠 Brain Tumor MRI Dataset\segmentation_task\test\masks\brisc2025_test_00300_me_ax_t1.png,meningioma,axial,1,1,meningioma,True,1.0,1,True,10.791024208068848,0.0,0.0,0.0,0.0,0.0,True,0.0,0.0,0.04766845703125
76,502,D:\brain_tumor\🧠 Brain Tumor MRI Dataset\classification_task\test\meningioma\brisc2025_test_00503_me_sa_t1.jpg,D:\brain_tumor\🧠 Brain Tumor MRI Dataset\segmentation_task\test\masks\brisc2025_test_00503_me_sa_t1.png,meningioma,sagittal,1,1,meningioma,True,0.9995,1,True,7.221694469451904,0.3229061553985873,0.19253910950661854,0.0,0.12201480081195848,0.0380401611328125,False,1.0,0.04603002965450287,0.00732421875
77,996,D:\brain_tumor\🧠 Brain Tumor MRI Dataset\classification_task\test\pituitary\brisc2025_test_00997_pi_sa_t1.jpg,D:\brain_tumor\🧠 Brain Tumor MRI Dataset\segmentation_task\test\masks\brisc2025_test_00997_pi_sa_t1.png,pituitary,sagittal,2,2,pituitary,True,1.0,2,True,10.6610107421875,0.60648596321394,0.43522056269538034,0.0,0.2817717304545594,0.037353515625,False,1.0,0.05566607043147087,0.02569580078125
78,377,D:\brain_tumor\🧠 Brain Tumor MRI Dataset\classification_task\test\meningioma\brisc2025_test_00378_me_ax_t1.jpg,D:\brain_tumor\🧠 Brain Tumor MRI Dataset\segmentation_task\test\masks\brisc2025_test_00378_me_ax_t1.png,meningioma,axial,1,1,meningioma,True,1.0,1,True,8.991791725158691,0.6061257388500806,0.4348496530454896,1.0,0.33978179571960776,0.014190673828125,False,1.0,0.023180942982435226,0.0142059326171875
79,82,D:\brain_tumor\🧠 Brain Tumor MRI Dataset\classification_task\test\glioma\brisc2025_test_00083_gl_ax_t1.jpg,D:\brain_tumor\🧠 Brain Tumor MRI Dataset\segmentation_task\test\masks\brisc2025_test_00083_gl_ax_t1.png,glioma,axial,0,0,glioma,True,1.0,0,True,12.601804733276367,0.003355704697986577,0.0016806722689075631,0.0,0.05379204686947539,0.015106201171875,False,1.0,0.026057805866003036,0.012176513671875
80,506,D:\brain_tumor\🧠 Brain Tumor MRI Dataset\classification_task\test\meningioma\brisc2025_test_00507_me_sa_t1.jpg,D:\brain_tumor\🧠 Brain Tumor MRI Dataset\segmentation_task\test\masks\brisc2025_test_00507_me_sa_t1.png,meningioma,sagittal,1,1,meningioma,True,1.0,1,True,9.448210716247559,0.7749725576289791,0.6326164874551972,1.0,0.33876306353150587,0.01446533203125,False,1.0,0.02497616410255432,0.013336181640625
81,804,D:\brain_tumor\🧠 Brain Tumor MRI Dataset\classification_task\test\pituitary\brisc2025_test_00805_pi_ax_t1.jpg,D:\brain_tumor\🧠 Brain Tumor MRI Dataset\segmentation_task\test\masks\brisc2025_test_00805_pi_ax_t1.png,pituitary,axial,2,2,pituitary,True,1.0,2,True,7.625794887542725,0.33394947627849664,0.20044378698224852,0.0,0.09832773477409357,0.020477294921875,False,1.0,0.031256116926670074,0.0042877197265625
82,203,D:\brain_tumor\🧠 Brain Tumor MRI Dataset\classification_task\test\glioma\brisc2025_test_00204_gl_sa_t1.jpg,D:\brain_tumor\🧠 Brain Tumor MRI Dataset\segmentation_task\test\masks\brisc2025_test_00204_gl_sa_t1.png,glioma,sagittal,0,0,glioma,True,1.0,0,True,12.614368438720703,0.7405112316034083,0.5879458794587946,1.0,0.3682105538609961,0.0103759765625,False,1.0,0.016124967485666275,0.0093231201171875
83,248,D:\brain_tumor\🧠 Brain Tumor MRI Dataset\classification_task\test\glioma\brisc2025_test_00249_gl_sa_t1.jpg,D:\brain_tumor\🧠 Brain Tumor MRI Dataset\segmentation_task\test\masks\brisc2025_test_00249_gl_sa_t1.png,glioma,sagittal,0,0,glioma,True,1.0,0,True,10.693156242370605,0.41641337386018235,0.2629558541266795,1.0,0.15773760384771016,0.031707763671875,False,1.0,0.041826315224170685,0.008453369140625
84,472,D:\brain_tumor\🧠 Brain Tumor MRI Dataset\classification_task\test\meningioma\brisc2025_test_00473_me_co_t1.jpg,D:\brain_tumor\🧠 Brain Tumor MRI Dataset\segmentation_task\test\masks\brisc2025_test_00473_me_co_t1.png,meningioma,coronal,1,1,meningioma,True,1.0,1,True,11.141844749450684,0.0,0.0,0.0,0.0,0.0,True,0.0,0.0,0.0366668701171875
85,416,D:\brain_tumor\🧠 Brain Tumor MRI Dataset\classification_task\test\meningioma\brisc2025_test_00417_me_co_t1.jpg,D:\brain_tumor\🧠 Brain Tumor MRI Dataset\segmentation_task\test\masks\brisc2025_test_00417_me_co_t1.png,meningioma,coronal,1,1,meningioma,True,1.0,1,True,10.86258316040039,0.7947826086956522,0.6594516594516594,1.0,0.631116957078174,0.0812225341796875,False,1.0,0.08814965188503265,0.0767059326171875
86,253,D:\brain_tumor\🧠 Brain Tumor MRI Dataset\classification_task\test\glioma\brisc2025_test_00254_gl_sa_t1.jpg,D:\brain_tumor\🧠 Brain Tumor MRI Dataset\segmentation_task\test\masks\brisc2025_test_00254_gl_sa_t1.png,glioma,sagittal,0,0,glioma,True,1.0,0,True,12.097549438476562,0.46924177396280403,0.30654205607476637,1.0,0.3532609930830454,0.0495147705078125,False,1.0,0.055365223437547684,0.0358123779296875
87,805,D:\brain_tumor\🧠 Brain Tumor MRI Dataset\classification_task\test\pituitary\brisc2025_test_00806_pi_ax_t1.jpg,D:\brain_tumor\🧠 Brain Tumor MRI Dataset\segmentation_task\test\masks\brisc2025_test_00806_pi_ax_t1.png,pituitary,axial,2,2,pituitary,True,1.0,2,True,10.124807357788086,0.2683046683046683,0.15493757094211125,1.0,0.06475843283980602,0.026885986328125,False,1.0,0.05527198314666748,0.0041656494140625
88,18,D:\brain_tumor\🧠 Brain Tumor MRI Dataset\classification_task\test\glioma\brisc2025_test_00019_gl_ax_t1.jpg,D:\brain_tumor\🧠 Brain Tumor MRI Dataset\segmentation_task\test\masks\brisc2025_test_00019_gl_ax_t1.png,glioma,axial,0,0,glioma,True,1.0,0,True,11.339384078979492,0.20506634499396864,0.11424731182795698,0.0,0.23028537436222532,0.030364990234375,False,1.0,0.055555280297994614,0.0455322265625
89,206,D:\brain_tumor\🧠 Brain Tumor MRI Dataset\classification_task\test\glioma\brisc2025_test_00207_gl_sa_t1.jpg,D:\brain_tumor\🧠 Brain Tumor MRI Dataset\segmentation_task\test\masks\brisc2025_test_00207_gl_sa_t1.png,glioma,sagittal,0,0,glioma,True,1.0,0,True,10.435104370117188,0.27386541471048514,0.1586582048957389,0.0,0.21800327319351012,0.0103759765625,False,1.0,0.016124967485666275,0.009124755859375
90,401,D:\brain_tumor\🧠 Brain Tumor MRI Dataset\classification_task\test\meningioma\brisc2025_test_00402_me_co_t1.jpg,D:\brain_tumor\🧠 Brain Tumor MRI Dataset\segmentation_task\test\masks\brisc2025_test_00402_me_co_t1.png,meningioma,coronal,1,1,meningioma,True,1.0,1,True,10.34257984161377,0.0,0.0,0.0,0.0,0.0,True,0.0,0.0,0.0505828857421875
91,543,D:\brain_tumor\🧠 Brain Tumor MRI Dataset\classification_task\test\meningioma\brisc2025_test_00544_me_sa_t1.jpg,D:\brain_tumor\🧠 Brain Tumor MRI Dataset\segmentation_task\test\masks\brisc2025_test_00544_me_sa_t1.png,meningioma,sagittal,1,1,meningioma,True,1.0,1,True,7.660975456237793,0.24791736087970676,0.1414986686953214,0.0,0.09694935038893542,0.0401153564453125,False,1.0,0.048172496259212494,0.00567626953125
92,845,D:\brain_tumor\🧠 Brain Tumor MRI Dataset\classification_task\test\pituitary\brisc2025_test_00846_pi_co_t1.jpg,D:\brain_tumor\🧠 Brain Tumor MRI Dataset\segmentation_task\test\masks\brisc2025_test_00846_pi_co_t1.png,pituitary,coronal,2,2,pituitary,True,1.0,2,True,9.736522674560547,0.45582100872203263,0.2951866404715128,0.0,0.08256671951361443,0.031036376953125,False,1.0,0.07420244812965393,0.0092010498046875
93,535,D:\brain_tumor\🧠 Brain Tumor MRI Dataset\classification_task\test\meningioma\brisc2025_test_00536_me_sa_t1.jpg,D:\brain_tumor\🧠 Brain Tumor MRI Dataset\segmentation_task\test\masks\brisc2025_test_00536_me_sa_t1.png,meningioma,sagittal,1,1,meningioma,True,1.0,1,True,10.336297035217285,0.8205607476635514,0.6957210776545166,1.0,0.5434711342242308,0.050079345703125,False,1.0,0.060915831476449966,0.047882080078125
94,930,D:\brain_tumor\🧠 Brain Tumor MRI Dataset\classification_task\test\pituitary\brisc2025_test_00931_pi_sa_t1.jpg,D:\brain_tumor\🧠 Brain Tumor MRI Dataset\segmentation_task\test\masks\brisc2025_test_00931_pi_sa_t1.png,pituitary,sagittal,2,2,pituitary,True,1.0,2,True,10.067305564880371,0.46153846153846156,0.3,0.0,0.16395274249703262,0.042449951171875,False,1.0,0.0626317709684372,0.0132904052734375
95,970,D:\brain_tumor\🧠 Brain Tumor MRI Dataset\classification_task\test\pituitary\brisc2025_test_00971_pi_sa_t1.jpg,D:\brain_tumor\🧠 Brain Tumor MRI Dataset\segmentation_task\test\masks\brisc2025_test_00971_pi_sa_t1.png,pituitary,sagittal,2,2,pituitary,True,1.0,2,True,8.944913864135742,0.3970080552359033,0.24766690595836324,0.0,0.08808380299110143,0.020904541015625,False,1.0,0.04439133405685425,0.005615234375
96,519,D:\brain_tumor\🧠 Brain Tumor MRI Dataset\classification_task\test\meningioma\brisc2025_test_00520_me_sa_t1.jpg,D:\brain_tumor\🧠 Brain Tumor MRI Dataset\segmentation_task\test\masks\brisc2025_test_00520_me_sa_t1.png,meningioma,sagittal,1,1,meningioma,True,1.0,1,True,9.635703086853027,0.7922288181327577,0.6559428060768543,1.0,0.4438684973259681,0.012664794921875,False,1.0,0.021270303055644035,0.0156097412109375
97,4,D:\brain_tumor\🧠 Brain Tumor MRI Dataset\classification_task\test\glioma\brisc2025_test_00005_gl_ax_t1.jpg,D:\brain_tumor\🧠 Brain Tumor MRI Dataset\segmentation_task\test\masks\brisc2025_test_00005_gl_ax_t1.png,glioma,axial,0,0,glioma,True,0.9995,0,True,6.871434688568115,0.01103230890464933,0.005546751188589541,0.0,0.0061408914235717435,0.071533203125,False,1.0,0.3964945375919342,0.00592041015625
98,72,D:\brain_tumor\🧠 Brain Tumor MRI Dataset\classification_task\test\glioma\brisc2025_test_00073_gl_ax_t1.jpg,D:\brain_tumor\🧠 Brain Tumor MRI Dataset\segmentation_task\test\masks\brisc2025_test_00073_gl_ax_t1.png,glioma,axial,0,0,glioma,True,1.0,0,True,8.36909008026123,0.7015664477008591,0.5403175591531756,1.0,0.7064945307084963,0.062744140625,False,1.0,0.07092957943677902,0.0882415771484375
99,888,D:\brain_tumor\🧠 Brain Tumor MRI Dataset\classification_task\test\pituitary\brisc2025_test_00889_pi_co_t1.jpg,D:\brain_tumor\🧠 Brain Tumor MRI Dataset\segmentation_task\test\masks\brisc2025_test_00889_pi_co_t1.png,pituitary,coronal,2,2,pituitary,True,1.0,2,True,9.377107620239258,0.30287648054145516,0.17846460618145563,0.0,0.0733158495928663,0.030609130859375,False,1.0,0.05218768119812012,0.005462646484375
100,852,D:\brain_tumor\🧠 Brain Tumor MRI Dataset\classification_task\test\pituitary\brisc2025_test_00853_pi_co_t1.jpg,D:\brain_tumor\🧠 Brain Tumor MRI Dataset\segmentation_task\test\masks\brisc2025_test_00853_pi_co_t1.png,pituitary,coronal,2,2,pituitary,True,1.0,2,True,10.208394050598145,0.0,0.0,0.0,0.0,0.01666259765625,False,1.0,0.028861023485660553,0.013916015625
101,22,D:\brain_tumor\🧠 Brain Tumor MRI Dataset\classification_task\test\glioma\brisc2025_test_00023_gl_ax_t1.jpg,D:\brain_tumor\🧠 Brain Tumor MRI Dataset\segmentation_task\test\masks\brisc2025_test_00023_gl_ax_t1.png,glioma,axial,0,0,glioma,True,1.0,0,True,11.529711723327637,0.2248374109631465,0.12665736217725052,1.0,0.15304591235430837,0.0343780517578125,False,1.0,0.04371240362524986,0.014892578125
102,107,D:\brain_tumor\🧠 Brain Tumor MRI Dataset\classification_task\test\glioma\brisc2025_test_00108_gl_co_t1.jpg,D:\brain_tumor\🧠 Brain Tumor MRI Dataset\segmentation_task\test\masks\brisc2025_test_00108_gl_co_t1.png,glioma,coronal,0,0,glioma,True,1.0,0,True,12.322762489318848,0.5600224908630869,0.3889105818039828,1.0,0.24702152171976502,0.0375213623046875,False,1.0,0.04849276319146156,0.016754150390625
103,173,D:\brain_tumor\🧠 Brain Tumor MRI Dataset\classification_task\test\glioma\brisc2025_test_00174_gl_sa_t1.jpg,D:\brain_tumor\🧠 Brain Tumor MRI Dataset\segmentation_task\test\masks\brisc2025_test_00174_gl_sa_t1.png,glioma,sagittal,0,0,glioma,True,1.0,0,True,10.007437705993652,0.3704097924427887,0.22730241672109733,1.0,0.12778284517026936,0.0233612060546875,False,1.0,0.03433387726545334,0.00531005859375
104,430,D:\brain_tumor\🧠 Brain Tumor MRI Dataset\classification_task\test\meningioma\brisc2025_test_00431_me_co_t1.jpg,D:\brain_tumor\🧠 Brain Tumor MRI Dataset\segmentation_task\test\masks\brisc2025_test_00431_me_co_t1.png,meningioma,coronal,1,1,meningioma,True,1.0,1,True,9.051117897033691,0.6317152103559871,0.4616840113528855,1.0,0.2000368054891298,0.0155487060546875,False,1.0,0.028033217415213585,0.008026123046875
105,922,D:\brain_tumor\🧠 Brain Tumor MRI Dataset\classification_task\test\pituitary\brisc2025_test_00923_pi_sa_t1.jpg,D:\brain_tumor\🧠 Brain Tumor MRI Dataset\segmentation_task\test\masks\brisc2025_test_00923_pi_sa_t1.png,pituitary,sagittal,2,2,pituitary,True,1.0,2,True,10.363595008850098,0.5446906035141329,0.3742782152230971,0.0,0.1636097565838825,0.0288848876953125,False,1.0,0.0503501333296299,0.0110626220703125
106,10,D:\brain_tumor\🧠 Brain Tumor MRI Dataset\classification_task\test\glioma\brisc2025_test_00011_gl_ax_t1.jpg,D:\brain_tumor\🧠 Brain Tumor MRI Dataset\segmentation_task\test\masks\brisc2025_test_00011_gl_ax_t1.png,glioma,axial,0,0,glioma,True,1.0,0,True,10.763779640197754,0.0,0.0,0.0,0.0003393977006419108,0.029998779296875,False,1.0,0.04060102254152298,0.0017242431640625
107,769,D:\brain_tumor\🧠 Brain Tumor MRI Dataset\classification_task\test\pituitary\brisc2025_test_00770_pi_ax_t1.jpg,D:\brain_tumor\🧠 Brain Tumor MRI Dataset\segmentation_task\test\masks\brisc2025_test_00770_pi_ax_t1.png,pituitary,axial,2,2,pituitary,True,1.0,2,True,8.602827072143555,0.19813416259440247,0.10996055226824458,0.0,0.05486971406482883,0.03094482421875,False,1.0,0.05471690371632576,0.0034027099609375
108,789,D:\brain_tumor\🧠 Brain Tumor MRI Dataset\classification_task\test\pituitary\brisc2025_test_00790_pi_ax_t1.jpg,D:\brain_tumor\🧠 Brain Tumor MRI Dataset\segmentation_task\test\masks\brisc2025_test_00790_pi_ax_t1.png,pituitary,axial,2,2,pituitary,True,1.0,2,True,7.861076831817627,0.23372597644141352,0.13232713232713234,0.0,0.09058105788488363,0.0434722900390625,False,1.0,0.05590791255235672,0.0057525634765625
109,68,D:\brain_tumor\🧠 Brain Tumor MRI Dataset\classification_task\test\glioma\brisc2025_test_00069_gl_ax_t1.jpg,D:\brain_tumor\🧠 Brain Tumor MRI Dataset\segmentation_task\test\masks\brisc2025_test_00069_gl_ax_t1.png,glioma,axial,0,0,glioma,True,1.0,0,True,10.844499588012695,0.08571428571428572,0.04477611940298507,0.0,0.09565253748649248,0.0262451171875,False,1.0,0.03984232619404793,0.01220703125
110,264,D:\brain_tumor\🧠 Brain Tumor MRI Dataset\classification_task\test\meningioma\brisc2025_test_00265_me_ax_t1.jpg,D:\brain_tumor\🧠 Brain Tumor MRI Dataset\segmentation_task\test\masks\brisc2025_test_00265_me_ax_t1.png,meningioma,axial,1,1,meningioma,True,1.0,1,True,11.433477401733398,0.0,0.0,0.0,0.0,0.0,True,0.0,0.0,0.0609283447265625
111,292,D:\brain_tumor\🧠 Brain Tumor MRI Dataset\classification_task\test\meningioma\brisc2025_test_00293_me_ax_t1.jpg,D:\brain_tumor\🧠 Brain Tumor MRI Dataset\segmentation_task\test\masks\brisc2025_test_00293_me_ax_t1.png,meningioma,axial,1,1,meningioma,True,1.0,1,True,10.059260368347168,0.0,0.0,0.0,0.0,0.0,True,0.0,0.0,0.02227783203125
112,868,D:\brain_tumor\🧠 Brain Tumor MRI Dataset\classification_task\test\pituitary\brisc2025_test_00869_pi_co_t1.jpg,D:\brain_tumor\🧠 Brain Tumor MRI Dataset\segmentation_task\test\masks\brisc2025_test_00869_pi_co_t1.png,pituitary,coronal,2,2,pituitary,True,1.0,2,True,9.897396087646484,0.5167310167310167,0.34837310195227766,0.0,0.14819505950046827,0.031463623046875,False,1.0,0.0692102462053299,0.015960693359375
113,339,D:\brain_tumor\🧠 Brain Tumor MRI Dataset\classification_task\test\meningioma\brisc2025_test_00340_me_ax_t1.jpg,D:\brain_tumor\🧠 Brain Tumor MRI Dataset\segmentation_task\test\masks\brisc2025_test_00340_me_ax_t1.png,meningioma,axial,1,1,meningioma,True,0.9995,1,True,6.859236240386963,0.13190070396443127,0.07060690202300675,0.0,0.046737312629550595,0.0384674072265625,False,1.0,0.04631340131163597,0.002716064453125
114,775,D:\brain_tumor\🧠 Brain Tumor MRI Dataset\classification_task\test\pituitary\brisc2025_test_00776_pi_ax_t1.jpg,D:\brain_tumor\🧠 Brain Tumor MRI Dataset\segmentation_task\test\masks\brisc2025_test_00776_pi_ax_t1.png,pituitary,axial,2,2,pituitary,True,1.0,2,True,10.248888969421387,0.5077972709551657,0.3403004572175049,0.0,0.2503173421441402,0.046722412109375,False,1.0,0.053141482174396515,0.015899658203125
115,218,D:\brain_tumor\🧠 Brain Tumor MRI Dataset\classification_task\test\glioma\brisc2025_test_00219_gl_sa_t1.jpg,D:\brain_tumor\🧠 Brain Tumor MRI Dataset\segmentation_task\test\masks\brisc2025_test_00219_gl_sa_t1.png,glioma,sagittal,0,0,glioma,True,1.0,0,True,12.092694282531738,0.0692410119840213,0.03586206896551724,0.0,0.059215293016692115,0.04571533203125,False,1.0,0.05515316128730774,0.0115814208984375
116,937,D:\brain_tumor\🧠 Brain Tumor MRI Dataset\classification_task\test\pituitary\brisc2025_test_00938_pi_sa_t1.jpg,D:\brain_tumor\🧠 Brain Tumor MRI Dataset\segmentation_task\test\masks\brisc2025_test_00938_pi_sa_t1.png,pituitary,sagittal,2,2,pituitary,True,1.0,2,True,10.37539291381836,0.0,0.0,0.0,0.0,0.01800537109375,False,1.0,0.04473346471786499,0.006561279296875
117,280,D:\brain_tumor\🧠 Brain Tumor MRI Dataset\classification_task\test\meningioma\brisc2025_test_00281_me_ax_t1.jpg,D:\brain_tumor\🧠 Brain Tumor MRI Dataset\segmentation_task\test\masks\brisc2025_test_00281_me_ax_t1.png,meningioma,axial,1,1,meningioma,True,1.0,1,True,9.838871955871582,0.6292768959435626,0.4590838908903757,1.0,0.6019515460626453,0.014892578125,False,1.0,0.023792287334799767,0.0283660888671875
118,951,D:\brain_tumor\🧠 Brain Tumor MRI Dataset\classification_task\test\pituitary\brisc2025_test_00952_pi_sa_t1.jpg,D:\brain_tumor\🧠 Brain Tumor MRI Dataset\segmentation_task\test\masks\brisc2025_test_00952_pi_sa_t1.png,pituitary,sagittal,2,2,pituitary,True,1.0,2,True,10.15584659576416,0.3625405656003709,0.22140430351075877,0.0,0.10680660108402364,0.026702880859375,False,1.0,0.04166533797979355,0.0062103271484375
119,437,D:\brain_tumor\🧠 Brain Tumor MRI Dataset\classification_task\test\meningioma\brisc2025_test_00438_me_co_t1.jpg,D:\brain_tumor\🧠 Brain Tumor MRI Dataset\segmentation_task\test\masks\brisc2025_test_00438_me_co_t1.png,meningioma,coronal,1,1,meningioma,True,1.0,1,True,10.084856986999512,0.5895418787598334,0.4179790026246719,1.0,0.6696574675571216,0.0103759765625,False,1.0,0.016124967485666275,0.0225982666015625
120,279,D:\brain_tumor\🧠 Brain Tumor MRI Dataset\classification_task\test\meningioma\brisc2025_test_00280_me_ax_t1.jpg,D:\brain_tumor\🧠 Brain Tumor MRI Dataset\segmentation_task\test\masks\brisc2025_test_00280_me_ax_t1.png,meningioma,axial,1,1,meningioma,True,1.0,1,True,10.863685607910156,0.8020720915173754,0.6695495495495496,1.0,0.8459978768437213,0.1153717041015625,False,1.0,0.12136557698249817,0.1674041748046875
121,551,D:\brain_tumor\🧠 Brain Tumor MRI Dataset\classification_task\test\meningioma\brisc2025_test_00552_me_sa_t1.jpg,D:\brain_tumor\🧠 Brain Tumor MRI Dataset\segmentation_task\test\masks\brisc2025_test_00552_me_sa_t1.png,meningioma,sagittal,1,1,meningioma,True,1.0,1,True,7.679989814758301,0.4216335540838852,0.26713286713286716,1.0,0.1770122769247552,0.020660400390625,False,1.0,0.027785776183009148,0.006988525390625
122,236,D:\brain_tumor\🧠 Brain Tumor MRI Dataset\classification_task\test\glioma\brisc2025_test_00237_gl_sa_t1.jpg,D:\brain_tumor\🧠 Brain Tumor MRI Dataset\segmentation_task\test\masks\brisc2025_test_00237_gl_sa_t1.png,glioma,sagittal,0,0,glioma,True,1.0,0,True,10.948975563049316,0.6381059751972943,0.4685430463576159,1.0,0.22114732916825178,0.018402099609375,False,1.0,0.02938189171254635,0.0086669921875
123,383,D:\brain_tumor\🧠 Brain Tumor MRI Dataset\classification_task\test\meningioma\brisc2025_test_00384_me_ax_t1.jpg,D:\brain_tumor\🧠 Brain Tumor MRI Dataset\segmentation_task\test\masks\brisc2025_test_00384_me_ax_t1.png,meningioma,axial,1,1,meningioma,True,1.0,1,True,9.28349781036377,0.8714198659354052,0.7721382289416847,1.0,0.3583179120605467,0.0132293701171875,False,1.0,0.022168990224599838,0.011810302734375
124,515,D:\brain_tumor\🧠 Brain Tumor MRI Dataset\classification_task\test\meningioma\brisc2025_test_00516_me_sa_t1.jpg,D:\brain_tumor\🧠 Brain Tumor MRI Dataset\segmentation_task\test\masks\brisc2025_test_00516_me_sa_t1.png,meningioma,sagittal,1,1,meningioma,True,1.0,1,True,9.903470039367676,0.4746518105849582,0.3111760409057706,1.0,0.4528410436593455,0.0103759765625,False,1.0,0.016124969348311424,0.0170135498046875
125,192,D:\brain_tumor\🧠 Brain Tumor MRI Dataset\classification_task\test\glioma\brisc2025_test_00193_gl_sa_t1.jpg,D:\brain_tumor\🧠 Brain Tumor MRI Dataset\segmentation_task\test\masks\brisc2025_test_00193_gl_sa_t1.png,glioma,sagittal,0,0,glioma,True,1.0,0,True,11.89702033996582,0.08491281273692192,0.04433887569279493,0.0,0.3454629905166953,0.0141143798828125,False,1.0,0.025770153850317,0.1066436767578125
126,531,D:\brain_tumor\🧠 Brain Tumor MRI Dataset\classification_task\test\meningioma\brisc2025_test_00532_me_sa_t1.jpg,D:\brain_tumor\🧠 Brain Tumor MRI Dataset\segmentation_task\test\masks\brisc2025_test_00532_me_sa_t1.png,meningioma,sagittal,1,1,meningioma,True,1.0,1,True,9.568750381469727,0.3436730674544559,0.2074910820451843,0.0,0.43086743291685614,0.0103759765625,False,1.0,0.016124967485666275,0.0206146240234375
127,821,D:\brain_tumor\🧠 Brain Tumor MRI Dataset\classification_task\test\pituitary\brisc2025_test_00822_pi_ax_t1.jpg,D:\brain_tumor\🧠 Brain Tumor MRI Dataset\segmentation_task\test\masks\brisc2025_test_00822_pi_ax_t1.png,pituitary,axial,2,2,pituitary,True,1.0,2,True,9.612058639526367,0.26976744186046514,0.15591397849462366,0.0,0.08723573602136282,0.05108642578125,False,1.0,0.07872267067432404,0.007965087890625
128,898,D:\brain_tumor\🧠 Brain Tumor MRI Dataset\classification_task\test\pituitary\brisc2025_test_00899_pi_co_t1.jpg,D:\brain_tumor\🧠 Brain Tumor MRI Dataset\segmentation_task\test\masks\brisc2025_test_00899_pi_co_t1.png,pituitary,coronal,2,2,pituitary,True,1.0,2,True,9.390161514282227,0.34835113794705064,0.2109111361079865,0.0,0.0664596508004905,0.0269622802734375,False,1.0,0.06124890595674515,0.005889892578125
129,160,D:\brain_tumor\🧠 Brain Tumor MRI Dataset\classification_task\test\glioma\brisc2025_test_00161_gl_co_t1.jpg,D:\brain_tumor\🧠 Brain Tumor MRI Dataset\segmentation_task\test\masks\brisc2025_test_00161_gl_co_t1.png,glioma,coronal,0,0,glioma,True,1.0,0,True,10.99281120300293,0.583963691376702,0.41239316239316237,1.0,0.45004510491214045,0.039886474609375,False,1.0,0.04986003041267395,0.040802001953125
130,305,D:\brain_tumor\🧠 Brain Tumor MRI Dataset\classification_task\test\meningioma\brisc2025_test_00306_me_ax_t1.jpg,D:\brain_tumor\🧠 Brain Tumor MRI Dataset\segmentation_task\test\masks\brisc2025_test_00306_me_ax_t1.png,meningioma,axial,1,1,meningioma,True,1.0,1,True,10.650031089782715,0.7828933474128827,0.6432413673433975,1.0,0.6901577726645411,0.062774658203125,False,1.0,0.07665702700614929,0.08172607421875
131,932,D:\brain_tumor\🧠 Brain Tumor MRI Dataset\classification_task\test\pituitary\brisc2025_test_00933_pi_sa_t1.jpg,D:\brain_tumor\🧠 Brain Tumor MRI Dataset\segmentation_task\test\masks\brisc2025_test_00933_pi_sa_t1.png,pituitary,sagittal,2,2,pituitary,True,1.0,2,True,9.43750286102295,0.38348362600854297,0.2372284204345273,1.0,0.0911698557151199,0.0259857177734375,False,1.0,0.051845356822013855,0.00616455078125
132,892,D:\brain_tumor\🧠 Brain Tumor MRI Dataset\classification_task\test\pituitary\brisc2025_test_00893_pi_co_t1.jpg,D:\brain_tumor\🧠 Brain Tumor MRI Dataset\segmentation_task\test\masks\brisc2025_test_00893_pi_co_t1.png,pituitary,coronal,2,2,pituitary,True,1.0,2,True,10.700492858886719,0.0,0.0,0.0,0.0,0.0,True,0.0,0.0,0.0172271728515625
133,246,D:\brain_tumor\🧠 Brain Tumor MRI Dataset\classification_task\test\glioma\brisc2025_test_00247_gl_sa_t1.jpg,D:\brain_tumor\🧠 Brain Tumor MRI Dataset\segmentation_task\test\masks\brisc2025_test_00247_gl_sa_t1.png,glioma,sagittal,0,0,glioma,True,1.0,0,True,12.815851211547852,0.8083273510409189,0.6783132530120481,1.0,0.42938633899439704,0.0214691162109375,False,1.0,0.03163552284240723,0.0210418701171875
134,935,D:\brain_tumor\🧠 Brain Tumor MRI Dataset\classification_task\test\pituitary\brisc2025_test_00936_pi_sa_t1.jpg,D:\brain_tumor\🧠 Brain Tumor MRI Dataset\segmentation_task\test\masks\brisc2025_test_00936_pi_sa_t1.png,pituitary,sagittal,2,2,pituitary,True,1.0,2,True,8.194233894348145,0.20673076923076922,0.11528150134048257,0.0,0.03587172620950227,0.02264404296875,False,1.0,0.04518561810255051,0.00274658203125
135,0,D:\brain_tumor\🧠 Brain Tumor MRI Dataset\classification_task\test\glioma\brisc2025_test_00001_gl_ax_t1.jpg,D:\brain_tumor\🧠 Brain Tumor MRI Dataset\segmentation_task\test\masks\brisc2025_test_00001_gl_ax_t1.png,glioma,axial,0,0,glioma,True,1.0,0,True,12.690037727355957,0.0,0.0,0.0,0.01036822159639572,0.0162353515625,False,1.0,0.024740319699048996,0.005584716796875
136,387,D:\brain_tumor\🧠 Brain Tumor MRI Dataset\classification_task\test\meningioma\brisc2025_test_00388_me_ax_t1.jpg,D:\brain_tumor\🧠 Brain Tumor MRI Dataset\segmentation_task\test\masks\brisc2025_test_00388_me_ax_t1.png,meningioma,axial,1,1,meningioma,True,1.0,1,True,9.899589538574219,0.0,0.0,0.0,0.0,0.0,True,0.0,0.0,0.019500732421875
137,871,D:\brain_tumor\🧠 Brain Tumor MRI Dataset\classification_task\test\pituitary\brisc2025_test_00872_pi_co_t1.jpg,D:\brain_tumor\🧠 Brain Tumor MRI Dataset\segmentation_task\test\masks\brisc2025_test_00872_pi_co_t1.png,pituitary,coronal,2,2,pituitary,True,1.0,2,True,10.454521179199219,0.12990353697749196,0.06946354883081156,0.0,0.14043102679956931,0.0281524658203125,False,1.0,0.04962683096528053,0.0193023681640625
138,739,D:\brain_tumor\🧠 Brain Tumor MRI Dataset\classification_task\test\pituitary\brisc2025_test_00740_pi_ax_t1.jpg,D:\brain_tumor\🧠 Brain Tumor MRI Dataset\segmentation_task\test\masks\brisc2025_test_00740_pi_ax_t1.png,pituitary,axial,2,2,pituitary,True,1.0,2,True,9.987958908081055,0.4314013206162876,0.27502338634237605,0.0,0.12068957145510943,0.0260467529296875,False,1.0,0.07090169191360474,0.0155487060546875
139,489,D:\brain_tumor\🧠 Brain Tumor MRI Dataset\classification_task\test\meningioma\brisc2025_test_00490_me_sa_t1.jpg,D:\brain_tumor\🧠 Brain Tumor MRI Dataset\segmentation_task\test\masks\brisc2025_test_00490_me_sa_t1.png,meningioma,sagittal,1,1,meningioma,True,1.0,1,True,10.032624244689941,0.664218958611482,0.49725137431284355,1.0,0.6051405896308901,0.0156097412109375,False,1.0,0.024907952174544334,0.0301055908203125
140,823,D:\brain_tumor\🧠 Brain Tumor MRI Dataset\classification_task\test\pituitary\brisc2025_test_00824_pi_ax_t1.jpg,D:\brain_tumor\🧠 Brain Tumor MRI Dataset\segmentation_task\test\masks\brisc2025_test_00824_pi_ax_t1.png,pituitary,axial,2,2,pituitary,True,1.0,2,True,8.871796607971191,0.24400204185809085,0.13895348837209304,0.0,0.09447053239172054,0.052490234375,False,1.0,0.06941990554332733,0.007293701171875
141,553,D:\brain_tumor\🧠 Brain Tumor MRI Dataset\classification_task\test\meningioma\brisc2025_test_00554_me_sa_t1.jpg,D:\brain_tumor\🧠 Brain Tumor MRI Dataset\segmentation_task\test\masks\brisc2025_test_00554_me_sa_t1.png,meningioma,sagittal,1,1,meningioma,True,1.0,1,True,11.161169052124023,0.0,0.0,0.0,0.0,0.0,True,0.0,0.0,0.039886474609375
142,434,D:\brain_tumor\🧠 Brain Tumor MRI Dataset\classification_task\test\meningioma\brisc2025_test_00435_me_co_t1.jpg,D:\brain_tumor\🧠 Brain Tumor MRI Dataset\segmentation_task\test\masks\brisc2025_test_00435_me_co_t1.png,meningioma,coronal,1,1,meningioma,True,1.0,1,True,8.929890632629395,0.6402266288951841,0.4708333333333333,1.0,0.2729297438966846,0.012481689453125,False,1.0,0.020961515605449677,0.009063720703125
143,870,D:\brain_tumor\🧠 Brain Tumor MRI Dataset\classification_task\test\pituitary\brisc2025_test_00871_pi_co_t1.jpg,D:\brain_tumor\🧠 Brain Tumor MRI Dataset\segmentation_task\test\masks\brisc2025_test_00871_pi_co_t1.png,pituitary,coronal,2,2,pituitary,True,1.0,2,True,10.36066722869873,0.6359918200408998,0.4662668665667166,0.0,0.38509594129680463,0.0321502685546875,False,1.0,0.04231523722410202,0.0275421142578125
144,959,D:\brain_tumor\🧠 Brain Tumor MRI Dataset\classification_task\test\pituitary\brisc2025_test_00960_pi_sa_t1.jpg,D:\brain_tumor\🧠 Brain Tumor MRI Dataset\segmentation_task\test\masks\brisc2025_test_00960_pi_sa_t1.png,pituitary,sagittal,2,2,pituitary,True,1.0,2,True,8.750133514404297,0.25557809330628806,0.14651162790697675,0.0,0.05544533873425536,0.0262451171875,False,1.0,0.04996923357248306,0.00384521484375
145,163,D:\brain_tumor\🧠 Brain Tumor MRI Dataset\classification_task\test\glioma\brisc2025_test_00164_gl_co_t1.jpg,D:\brain_tumor\🧠 Brain Tumor MRI Dataset\segmentation_task\test\masks\brisc2025_test_00164_gl_co_t1.png,glioma,coronal,0,0,glioma,True,1.0,0,True,11.311954498291016,0.6592689295039165,0.4917234664070107,1.0,0.4968569005741245,0.024078369140625,False,1.0,0.04637105390429497,0.046051025390625
146,461,D:\brain_tumor\🧠 Brain Tumor MRI Dataset\classification_task\test\meningioma\brisc2025_test_00462_me_co_t1.jpg,D:\brain_tumor\🧠 Brain Tumor MRI Dataset\segmentation_task\test\masks\brisc2025_test_00462_me_co_t1.png,meningioma,coronal,1,1,meningioma,True,1.0,1,True,10.46882152557373,0.6518673282841473,0.4835335141418055,1.0,0.6270019003714769,0.020721435546875,False,1.0,0.03124549426138401,0.0377044677734375
147,812,D:\brain_tumor\🧠 Brain Tumor MRI Dataset\classification_task\test\pituitary\brisc2025_test_00813_pi_ax_t1.jpg,D:\brain_tumor\🧠 Brain Tumor MRI Dataset\segmentation_task\test\masks\brisc2025_test_00813_pi_ax_t1.png,pituitary,axial,2,2,pituitary,True,0.9995,2,True,7.119742393493652,0.40901360544217685,0.2570817744521646,0.0,0.13268694096252903,0.0285491943359375,False,1.0,0.0438503660261631,0.0073394775390625
148,55,D:\brain_tumor\🧠 Brain Tumor MRI Dataset\classification_task\test\glioma\brisc2025_test_00056_gl_ax_t1.jpg,D:\brain_tumor\🧠 Brain Tumor MRI Dataset\segmentation_task\test\masks\brisc2025_test_00056_gl_ax_t1.png,glioma,axial,0,0,glioma,True,1.0,0,True,10.748687744140625,0.6170678336980306,0.4462025316455696,1.0,0.21091600210730166,0.013946533203125,False,1.0,0.022944185882806778,0.0069732666015625
149,495,D:\brain_tumor\🧠 Brain Tumor MRI Dataset\classification_task\test\meningioma\brisc2025_test_00496_me_sa_t1.jpg,D:\brain_tumor\🧠 Brain Tumor MRI Dataset\segmentation_task\test\masks\brisc2025_test_00496_me_sa_t1.png,meningioma,sagittal,1,1,meningioma,True,1.0,1,True,8.35810375213623,0.4640810929925077,0.30215208034433283,0.0,0.2944808602396945,0.04302978515625,False,1.0,0.050241053104400635,0.026214599609375
150,752,D:\brain_tumor\🧠 Brain Tumor MRI Dataset\classification_task\test\pituitary\brisc2025_test_00753_pi_ax_t1.jpg,D:\brain_tumor\🧠 Brain Tumor MRI Dataset\segmentation_task\test\masks\brisc2025_test_00753_pi_ax_t1.png,pituitary,axial,2,2,pituitary,True,1.0,2,True,9.493216514587402,0.21681759379042692,0.1215902495647127,0.0,0.06932609872940519,0.052581787109375,False,1.0,0.08368585258722305,0.0063934326171875
