selection_id,dataset_index,classification_path,classification_basename,classification_stem,label,class_name,plane,mask_path,match_method,segmentation_image_path,true_idx,phase9_pred_idx,phase9_correct,phase9_confidence
1,455,D:\brain_tumor\🧠 Brain Tumor MRI Dataset\classification_task\test\meningioma\brisc2025_test_00456_me_co_t1.jpg,brisc2025_test_00456_me_co_t1.jpg,brisc2025_test_00456_me_co_t1,1,meningioma,coronal,D:\brain_tumor\🧠 Brain Tumor MRI Dataset\segmentation_task\test\masks\brisc2025_test_00456_me_co_t1.png,filename_class_plane,D:\brain_tumor\🧠 Brain Tumor MRI Dataset\classification_task\test\meningioma\brisc2025_test_00456_me_co_t1.jpg,1,1,True,1.0
2,130,D:\brain_tumor\🧠 Brain Tumor MRI Dataset\classification_task\test\glioma\brisc2025_test_00131_gl_co_t1.jpg,brisc2025_test_00131_gl_co_t1.jpg,brisc2025_test_00131_gl_co_t1,0,glioma,coronal,D:\brain_tumor\🧠 Brain Tumor MRI Dataset\segmentation_task\test\masks\brisc2025_test_00131_gl_co_t1.png,filename_class_plane,D:\brain_tumor\🧠 Brain Tumor MRI Dataset\classification_task\test\glioma\brisc2025_test_00131_gl_co_t1.jpg,0,0,True,1.0
3,905,D:\brain_tumor\🧠 Brain Tumor MRI Dataset\classification_task\test\pituitary\brisc2025_test_00906_pi_co_t1.jpg,brisc2025_test_00906_pi_co_t1.jpg,brisc2025_test_00906_pi_co_t1,2,pituitary,coronal,D:\brain_tumor\🧠 Brain Tumor MRI Dataset\segmentation_task\test\masks\brisc2025_test_00906_pi_co_t1.png,filename_class_plane,D:\brain_tumor\🧠 Brain Tumor MRI Dataset\classification_task\test\pituitary\brisc2025_test_00906_pi_co_t1.jpg,2,2,True,1.0
4,420,D:\brain_tumor\🧠 Brain Tumor MRI Dataset\classification_task\test\meningioma\brisc2025_test_00421_me_co_t1.jpg,brisc2025_test_00421_me_co_t1.jpg,brisc2025_test_00421_me_co_t1,1,meningioma,coronal,D:\brain_tumor\🧠 Brain Tumor MRI Dataset\segmentation_task\test\masks\brisc2025_test_00421_me_co_t1.png,filename_class_plane,D:\brain_tumor\🧠 Brain Tumor MRI Dataset\classification_task\test\meningioma\brisc2025_test_00421_me_co_t1.jpg,1,1,True,1.0
5,402,D:\brain_tumor\🧠 Brain Tumor MRI Dataset\classification_task\test\meningioma\brisc2025_test_00403_me_co_t1.jpg,brisc2025_test_00403_me_co_t1.jpg,brisc2025_test_00403_me_co_t1,1,meningioma,coronal,D:\brain_tumor\🧠 Brain Tumor MRI Dataset\segmentation_task\test\masks\brisc2025_test_00403_me_co_t1.png,filename_class_plane,D:\brain_tumor\🧠 Brain Tumor MRI Dataset\classification_task\test\meningioma\brisc2025_test_00403_me_co_t1.jpg,1,1,True,0.9995
6,100,D:\brain_tumor\🧠 Brain Tumor MRI Dataset\classification_task\test\glioma\brisc2025_test_00101_gl_co_t1.jpg,brisc2025_test_00101_gl_co_t1.jpg,brisc2025_test_00101_gl_co_t1,0,glioma,coronal,D:\brain_tumor\🧠 Brain Tumor MRI Dataset\segmentation_task\test\masks\brisc2025_test_00101_gl_co_t1.png,filename_class_plane,D:\brain_tumor\🧠 Brain Tumor MRI Dataset\classification_task\test\glioma\brisc2025_test_00101_gl_co_t1.jpg,0,0,True,1.0
7,254,D:\brain_tumor\🧠 Brain Tumor MRI Dataset\classification_task\test\meningioma\brisc2025_test_00255_me_ax_t1.jpg,brisc2025_test_00255_me_ax_t1.jpg,brisc2025_test_00255_me_ax_t1,1,meningioma,axial,D:\brain_tumor\🧠 Brain Tumor MRI Dataset\segmentation_task\test\masks\brisc2025_test_00255_me_ax_t1.png,filename_class_plane,D:\brain_tumor\🧠 Brain Tumor MRI Dataset\classification_task\test\meningioma\brisc2025_test_00255_me_ax_t1.jpg,1,1,True,0.9995
8,966,D:\brain_tumor\🧠 Brain Tumor MRI Dataset\classification_task\test\pituitary\brisc2025_test_00967_pi_sa_t1.jpg,brisc2025_test_00967_pi_sa_t1.jpg,brisc2025_test_00967_pi_sa_t1,2,pituitary,sagittal,D:\brain_tumor\🧠 Brain Tumor MRI Dataset\segmentation_task\test\masks\brisc2025_test_00967_pi_sa_t1.png,filename_class_plane,D:\brain_tumor\🧠 Brain Tumor MRI Dataset\classification_task\test\pituitary\brisc2025_test_00967_pi_sa_t1.jpg,2,2,True,1.0
9,406,D:\brain_tumor\🧠 Brain Tumor MRI Dataset\classification_task\test\meningioma\brisc2025_test_00407_me_co_t1.jpg,brisc2025_test_00407_me_co_t1.jpg,brisc2025_test_00407_me_co_t1,1,meningioma,coronal,D:\brain_tumor\🧠 Brain Tumor MRI Dataset\segmentation_task\test\masks\brisc2025_test_00407_me_co_t1.png,filename_class_plane,D:\brain_tumor\🧠 Brain Tumor MRI Dataset\classification_task\test\meningioma\brisc2025_test_00407_me_co_t1.jpg,1,1,True,1.0
10,468,D:\brain_tumor\🧠 Brain Tumor MRI Dataset\classification_task\test\meningioma\brisc2025_test_00469_me_co_t1.jpg,brisc2025_test_00469_me_co_t1.jpg,brisc2025_test_00469_me_co_t1,1,meningioma,coronal,D:\brain_tumor\🧠 Brain Tumor MRI Dataset\segmentation_task\test\masks\brisc2025_test_00469_me_co_t1.png,filename_class_plane,D:\brain_tumor\🧠 Brain Tumor MRI Dataset\classification_task\test\meningioma\brisc2025_test_00469_me_co_t1.jpg,1,1,True,1.0
11,806,D:\brain_tumor\🧠 Brain Tumor MRI Dataset\classification_task\test\pituitary\brisc2025_test_00807_pi_ax_t1.jpg,brisc2025_test_00807_pi_ax_t1.jpg,brisc2025_test_00807_pi_ax_t1,2,pituitary,axial,D:\brain_tumor\🧠 Brain Tumor MRI Dataset\segmentation_task\test\masks\brisc2025_test_00807_pi_ax_t1.png,filename_class_plane,D:\brain_tumor\🧠 Brain Tumor MRI Dataset\classification_task\test\pituitary\brisc2025_test_00807_pi_ax_t1.jpg,2,2,True,1.0
12,35,D:\brain_tumor\🧠 Brain Tumor MRI Dataset\classification_task\test\glioma\brisc2025_test_00036_gl_ax_t1.jpg,brisc2025_test_00036_gl_ax_t1.jpg,brisc2025_test_00036_gl_ax_t1,0,glioma,axial,D:\brain_tumor\🧠 Brain Tumor MRI Dataset\segmentation_task\test\masks\brisc2025_test_00036_gl_ax_t1.png,filename_class_plane,D:\brain_tumor\🧠 Brain Tumor MRI Dataset\classification_task\test\glioma\brisc2025_test_00036_gl_ax_t1.jpg,0,0,True,1.0
13,199,D:\brain_tumor\🧠 Brain Tumor MRI Dataset\classification_task\test\glioma\brisc2025_test_00200_gl_sa_t1.jpg,brisc2025_test_00200_gl_sa_t1.jpg,brisc2025_test_00200_gl_sa_t1,0,glioma,sagittal,D:\brain_tumor\🧠 Brain Tumor MRI Dataset\segmentation_task\test\masks\brisc2025_test_00200_gl_sa_t1.png,filename_class_plane,D:\brain_tumor\🧠 Brain Tumor MRI Dataset\classification_task\test\glioma\brisc2025_test_00200_gl_sa_t1.jpg,0,0,True,1.0
14,66,D:\brain_tumor\🧠 Brain Tumor MRI Dataset\classification_task\test\glioma\brisc2025_test_00067_gl_ax_t1.jpg,brisc2025_test_00067_gl_ax_t1.jpg,brisc2025_test_00067_gl_ax_t1,0,glioma,axial,D:\brain_tumor\🧠 Brain Tumor MRI Dataset\segmentation_task\test\masks\brisc2025_test_00067_gl_ax_t1.png,filename_class_plane,D:\brain_tumor\🧠 Brain Tumor MRI Dataset\classification_task\test\glioma\brisc2025_test_00067_gl_ax_t1.jpg,0,0,True,1.0
15,87,D:\brain_tumor\🧠 Brain Tumor MRI Dataset\classification_task\test\glioma\brisc2025_test_00088_gl_co_t1.jpg,brisc2025_test_00088_gl_co_t1.jpg,brisc2025_test_00088_gl_co_t1,0,glioma,coronal,D:\brain_tumor\🧠 Brain Tumor MRI Dataset\segmentation_task\test\masks\brisc2025_test_00088_gl_co_t1.png,filename_class_plane,D:\brain_tumor\🧠 Brain Tumor MRI Dataset\classification_task\test\glioma\brisc2025_test_00088_gl_co_t1.jpg,0,0,True,1.0
16,365,D:\brain_tumor\🧠 Brain Tumor MRI Dataset\classification_task\test\meningioma\brisc2025_test_00366_me_ax_t1.jpg,brisc2025_test_00366_me_ax_t1.jpg,brisc2025_test_00366_me_ax_t1,1,meningioma,axial,D:\brain_tumor\🧠 Brain Tumor MRI Dataset\segmentation_task\test\masks\brisc2025_test_00366_me_ax_t1.png,filename_class_plane,D:\brain_tumor\🧠 Brain Tumor MRI Dataset\classification_task\test\meningioma\brisc2025_test_00366_me_ax_t1.jpg,1,1,True,1.0
17,741,D:\brain_tumor\🧠 Brain Tumor MRI Dataset\classification_task\test\pituitary\brisc2025_test_00742_pi_ax_t1.jpg,brisc2025_test_00742_pi_ax_t1.jpg,brisc2025_test_00742_pi_ax_t1,2,pituitary,axial,D:\brain_tumor\🧠 Brain Tumor MRI Dataset\segmentation_task\test\masks\brisc2025_test_00742_pi_ax_t1.png,filename_class_plane,D:\brain_tumor\🧠 Brain Tumor MRI Dataset\classification_task\test\pituitary\brisc2025_test_00742_pi_ax_t1.jpg,2,2,True,1.0
18,473,D:\brain_tumor\🧠 Brain Tumor MRI Dataset\classification_task\test\meningioma\brisc2025_test_00474_me_co_t1.jpg,brisc2025_test_00474_me_co_t1.jpg,brisc2025_test_00474_me_co_t1,1,meningioma,coronal,D:\brain_tumor\🧠 Brain Tumor MRI Dataset\segmentation_task\test\masks\brisc2025_test_00474_me_co_t1.png,filename_class_plane,D:\brain_tumor\🧠 Brain Tumor MRI Dataset\classification_task\test\meningioma\brisc2025_test_00474_me_co_t1.jpg,1,1,True,1.0
19,257,D:\brain_tumor\🧠 Brain Tumor MRI Dataset\classification_task\test\meningioma\brisc2025_test_00258_me_ax_t1.jpg,brisc2025_test_00258_me_ax_t1.jpg,brisc2025_test_00258_me_ax_t1,1,meningioma,axial,D:\brain_tumor\🧠 Brain Tumor MRI Dataset\segmentation_task\test\masks\brisc2025_test_00258_me_ax_t1.png,filename_class_plane,D:\brain_tumor\🧠 Brain Tumor MRI Dataset\classification_task\test\meningioma\brisc2025_test_00258_me_ax_t1.jpg,1,1,True,1.0
20,879,D:\brain_tumor\🧠 Brain Tumor MRI Dataset\classification_task\test\pituitary\brisc2025_test_00880_pi_co_t1.jpg,brisc2025_test_00880_pi_co_t1.jpg,brisc2025_test_00880_pi_co_t1,2,pituitary,coronal,D:\brain_tumor\🧠 Brain Tumor MRI Dataset\segmentation_task\test\masks\brisc2025_test_00880_pi_co_t1.png,filename_class_plane,D:\brain_tumor\🧠 Brain Tumor MRI Dataset\classification_task\test\pituitary\brisc2025_test_00880_pi_co_t1.jpg,2,2,True,1.0
21,128,D:\brain_tumor\🧠 Brain Tumor MRI Dataset\classification_task\test\glioma\brisc2025_test_00129_gl_co_t1.jpg,brisc2025_test_00129_gl_co_t1.jpg,brisc2025_test_00129_gl_co_t1,0,glioma,coronal,D:\brain_tumor\🧠 Brain Tumor MRI Dataset\segmentation_task\test\masks\brisc2025_test_00129_gl_co_t1.png,filename_class_plane,D:\brain_tumor\🧠 Brain Tumor MRI Dataset\classification_task\test\glioma\brisc2025_test_00129_gl_co_t1.jpg,0,0,True,1.0
22,843,D:\brain_tumor\🧠 Brain Tumor MRI Dataset\classification_task\test\pituitary\brisc2025_test_00844_pi_co_t1.jpg,brisc2025_test_00844_pi_co_t1.jpg,brisc2025_test_00844_pi_co_t1,2,pituitary,coronal,D:\brain_tumor\🧠 Brain Tumor MRI Dataset\segmentation_task\test\masks\brisc2025_test_00844_pi_co_t1.png,filename_class_plane,D:\brain_tumor\🧠 Brain Tumor MRI Dataset\classification_task\test\pituitary\brisc2025_test_00844_pi_co_t1.jpg,2,2,True,1.0
23,155,D:\brain_tumor\🧠 Brain Tumor MRI Dataset\classification_task\test\glioma\brisc2025_test_00156_gl_co_t1.jpg,brisc2025_test_00156_gl_co_t1.jpg,brisc2025_test_00156_gl_co_t1,0,glioma,coronal,D:\brain_tumor\🧠 Brain Tumor MRI Dataset\segmentation_task\test\masks\brisc2025_test_00156_gl_co_t1.png,filename_class_plane,D:\brain_tumor\🧠 Brain Tumor MRI Dataset\classification_task\test\glioma\brisc2025_test_00156_gl_co_t1.jpg,0,0,True,1.0
24,913,D:\brain_tumor\🧠 Brain Tumor MRI Dataset\classification_task\test\pituitary\brisc2025_test_00914_pi_co_t1.jpg,brisc2025_test_00914_pi_co_t1.jpg,brisc2025_test_00914_pi_co_t1,2,pituitary,coronal,D:\brain_tumor\🧠 Brain Tumor MRI Dataset\segmentation_task\test\masks\brisc2025_test_00914_pi_co_t1.png,filename_class_plane,D:\brain_tumor\🧠 Brain Tumor MRI Dataset\classification_task\test\pituitary\brisc2025_test_00914_pi_co_t1.jpg,2,2,True,1.0
25,889,D:\brain_tumor\🧠 Brain Tumor MRI Dataset\classification_task\test\pituitary\brisc2025_test_00890_pi_co_t1.jpg,brisc2025_test_00890_pi_co_t1.jpg,brisc2025_test_00890_pi_co_t1,2,pituitary,coronal,D:\brain_tumor\🧠 Brain Tumor MRI Dataset\segmentation_task\test\masks\brisc2025_test_00890_pi_co_t1.png,filename_class_plane,D:\brain_tumor\🧠 Brain Tumor MRI Dataset\classification_task\test\pituitary\brisc2025_test_00890_pi_co_t1.jpg,2,2,True,1.0
26,968,D:\brain_tumor\🧠 Brain Tumor MRI Dataset\classification_task\test\pituitary\brisc2025_test_00969_pi_sa_t1.jpg,brisc2025_test_00969_pi_sa_t1.jpg,brisc2025_test_00969_pi_sa_t1,2,pituitary,sagittal,D:\brain_tumor\🧠 Brain Tumor MRI Dataset\segmentation_task\test\masks\brisc2025_test_00969_pi_sa_t1.png,filename_class_plane,D:\brain_tumor\🧠 Brain Tumor MRI Dataset\classification_task\test\pituitary\brisc2025_test_00969_pi_sa_t1.jpg,2,2,True,1.0
27,773,D:\brain_tumor\🧠 Brain Tumor MRI Dataset\classification_task\test\pituitary\brisc2025_test_00774_pi_ax_t1.jpg,brisc2025_test_00774_pi_ax_t1.jpg,brisc2025_test_00774_pi_ax_t1,2,pituitary,axial,D:\brain_tumor\🧠 Brain Tumor MRI Dataset\segmentation_task\test\masks\brisc2025_test_00774_pi_ax_t1.png,filename_class_plane,D:\brain_tumor\🧠 Brain Tumor MRI Dataset\classification_task\test\pituitary\brisc2025_test_00774_pi_ax_t1.jpg,2,2,True,1.0
28,952,D:\brain_tumor\🧠 Brain Tumor MRI Dataset\classification_task\test\pituitary\brisc2025_test_00953_pi_sa_t1.jpg,brisc2025_test_00953_pi_sa_t1.jpg,brisc2025_test_00953_pi_sa_t1,2,pituitary,sagittal,D:\brain_tumor\🧠 Brain Tumor MRI Dataset\segmentation_task\test\masks\brisc2025_test_00953_pi_sa_t1.png,filename_class_plane,D:\brain_tumor\🧠 Brain Tumor MRI Dataset\classification_task\test\pituitary\brisc2025_test_00953_pi_sa_t1.jpg,2,2,True,1.0
29,231,D:\brain_tumor\🧠 Brain Tumor MRI Dataset\classification_task\test\glioma\brisc2025_test_00232_gl_sa_t1.jpg,brisc2025_test_00232_gl_sa_t1.jpg,brisc2025_test_00232_gl_sa_t1,0,glioma,sagittal,D:\brain_tumor\🧠 Brain Tumor MRI Dataset\segmentation_task\test\masks\brisc2025_test_00232_gl_sa_t1.png,filename_class_plane,D:\brain_tumor\🧠 Brain Tumor MRI Dataset\classification_task\test\glioma\brisc2025_test_00232_gl_sa_t1.jpg,0,0,True,1.0
30,131,D:\brain_tumor\🧠 Brain Tumor MRI Dataset\classification_task\test\glioma\brisc2025_test_00132_gl_co_t1.jpg,brisc2025_test_00132_gl_co_t1.jpg,brisc2025_test_00132_gl_co_t1,0,glioma,coronal,D:\brain_tumor\🧠 Brain Tumor MRI Dataset\segmentation_task\test\masks\brisc2025_test_00132_gl_co_t1.png,filename_class_plane,D:\brain_tumor\🧠 Brain Tumor MRI Dataset\classification_task\test\glioma\brisc2025_test_00132_gl_co_t1.jpg,0,0,True,1.0
31,161,D:\brain_tumor\🧠 Brain Tumor MRI Dataset\classification_task\test\glioma\brisc2025_test_00162_gl_co_t1.jpg,brisc2025_test_00162_gl_co_t1.jpg,brisc2025_test_00162_gl_co_t1,0,glioma,coronal,D:\brain_tumor\🧠 Brain Tumor MRI Dataset\segmentation_task\test\masks\brisc2025_test_00162_gl_co_t1.png,filename_class_plane,D:\brain_tumor\🧠 Brain Tumor MRI Dataset\classification_task\test\glioma\brisc2025_test_00162_gl_co_t1.jpg,0,0,True,1.0
32,54,D:\brain_tumor\🧠 Brain Tumor MRI Dataset\classification_task\test\glioma\brisc2025_test_00055_gl_ax_t1.jpg,brisc2025_test_00055_gl_ax_t1.jpg,brisc2025_test_00055_gl_ax_t1,0,glioma,axial,D:\brain_tumor\🧠 Brain Tumor MRI Dataset\segmentation_task\test\masks\brisc2025_test_00055_gl_ax_t1.png,filename_class_plane,D:\brain_tumor\🧠 Brain Tumor MRI Dataset\classification_task\test\glioma\brisc2025_test_00055_gl_ax_t1.jpg,0,0,True,1.0
33,373,D:\brain_tumor\🧠 Brain Tumor MRI Dataset\classification_task\test\meningioma\brisc2025_test_00374_me_ax_t1.jpg,brisc2025_test_00374_me_ax_t1.jpg,brisc2025_test_00374_me_ax_t1,1,meningioma,axial,D:\brain_tumor\🧠 Brain Tumor MRI Dataset\segmentation_task\test\masks\brisc2025_test_00374_me_ax_t1.png,filename_class_plane,D:\brain_tumor\🧠 Brain Tumor MRI Dataset\classification_task\test\meningioma\brisc2025_test_00374_me_ax_t1.jpg,1,1,True,1.0
34,47,D:\brain_tumor\🧠 Brain Tumor MRI Dataset\classification_task\test\glioma\brisc2025_test_00048_gl_ax_t1.jpg,brisc2025_test_00048_gl_ax_t1.jpg,brisc2025_test_00048_gl_ax_t1,0,glioma,axial,D:\brain_tumor\🧠 Brain Tumor MRI Dataset\segmentation_task\test\masks\brisc2025_test_00048_gl_ax_t1.png,filename_class_plane,D:\brain_tumor\🧠 Brain Tumor MRI Dataset\classification_task\test\glioma\brisc2025_test_00048_gl_ax_t1.jpg,0,0,True,1.0
35,226,D:\brain_tumor\🧠 Brain Tumor MRI Dataset\classification_task\test\glioma\brisc2025_test_00227_gl_sa_t1.jpg,brisc2025_test_00227_gl_sa_t1.jpg,brisc2025_test_00227_gl_sa_t1,0,glioma,sagittal,D:\brain_tumor\🧠 Brain Tumor MRI Dataset\segmentation_task\test\masks\brisc2025_test_00227_gl_sa_t1.png,filename_class_plane,D:\brain_tumor\🧠 Brain Tumor MRI Dataset\classification_task\test\glioma\brisc2025_test_00227_gl_sa_t1.jpg,0,0,True,1.0
36,928,D:\brain_tumor\🧠 Brain Tumor MRI Dataset\classification_task\test\pituitary\brisc2025_test_00929_pi_sa_t1.jpg,brisc2025_test_00929_pi_sa_t1.jpg,brisc2025_test_00929_pi_sa_t1,2,pituitary,sagittal,D:\brain_tumor\🧠 Brain Tumor MRI Dataset\segmentation_task\test\masks\brisc2025_test_00929_pi_sa_t1.png,filename_class_plane,D:\brain_tumor\🧠 Brain Tumor MRI Dataset\classification_task\test\pituitary\brisc2025_test_00929_pi_sa_t1.jpg,2,2,True,1.0
37,376,D:\brain_tumor\🧠 Brain Tumor MRI Dataset\classification_task\test\meningioma\brisc2025_test_00377_me_ax_t1.jpg,brisc2025_test_00377_me_ax_t1.jpg,brisc2025_test_00377_me_ax_t1,1,meningioma,axial,D:\brain_tumor\🧠 Brain Tumor MRI Dataset\segmentation_task\test\masks\brisc2025_test_00377_me_ax_t1.png,filename_class_plane,D:\brain_tumor\🧠 Brain Tumor MRI Dataset\classification_task\test\meningioma\brisc2025_test_00377_me_ax_t1.jpg,1,1,True,1.0
38,86,D:\brain_tumor\🧠 Brain Tumor MRI Dataset\classification_task\test\glioma\brisc2025_test_00087_gl_co_t1.jpg,brisc2025_test_00087_gl_co_t1.jpg,brisc2025_test_00087_gl_co_t1,0,glioma,coronal,D:\brain_tumor\🧠 Brain Tumor MRI Dataset\segmentation_task\test\masks\brisc2025_test_00087_gl_co_t1.png,filename_class_plane,D:\brain_tumor\🧠 Brain Tumor MRI Dataset\classification_task\test\glioma\brisc2025_test_00087_gl_co_t1.jpg,0,0,True,1.0
39,12,D:\brain_tumor\🧠 Brain Tumor MRI Dataset\classification_task\test\glioma\brisc2025_test_00013_gl_ax_t1.jpg,brisc2025_test_00013_gl_ax_t1.jpg,brisc2025_test_00013_gl_ax_t1,0,glioma,axial,D:\brain_tumor\🧠 Brain Tumor MRI Dataset\segmentation_task\test\masks\brisc2025_test_00013_gl_ax_t1.png,filename_class_plane,D:\brain_tumor\🧠 Brain Tumor MRI Dataset\classification_task\test\glioma\brisc2025_test_00013_gl_ax_t1.jpg,0,0,True,1.0
40,85,D:\brain_tumor\🧠 Brain Tumor MRI Dataset\classification_task\test\glioma\brisc2025_test_00086_gl_co_t1.jpg,brisc2025_test_00086_gl_co_t1.jpg,brisc2025_test_00086_gl_co_t1,0,glioma,coronal,D:\brain_tumor\🧠 Brain Tumor MRI Dataset\segmentation_task\test\masks\brisc2025_test_00086_gl_co_t1.png,filename_class_plane,D:\brain_tumor\🧠 Brain Tumor MRI Dataset\classification_task\test\glioma\brisc2025_test_00086_gl_co_t1.jpg,0,0,True,1.0
41,931,D:\brain_tumor\🧠 Brain Tumor MRI Dataset\classification_task\test\pituitary\brisc2025_test_00932_pi_sa_t1.jpg,brisc2025_test_00932_pi_sa_t1.jpg,brisc2025_test_00932_pi_sa_t1,2,pituitary,sagittal,D:\brain_tumor\🧠 Brain Tumor MRI Dataset\segmentation_task\test\masks\brisc2025_test_00932_pi_sa_t1.png,filename_class_plane,D:\brain_tumor\🧠 Brain Tumor MRI Dataset\classification_task\test\pituitary\brisc2025_test_00932_pi_sa_t1.jpg,2,2,True,1.0
42,491,D:\brain_tumor\🧠 Brain Tumor MRI Dataset\classification_task\test\meningioma\brisc2025_test_00492_me_sa_t1.jpg,brisc2025_test_00492_me_sa_t1.jpg,brisc2025_test_00492_me_sa_t1,1,meningioma,sagittal,D:\brain_tumor\🧠 Brain Tumor MRI Dataset\segmentation_task\test\masks\brisc2025_test_00492_me_sa_t1.png,filename_class_plane,D:\brain_tumor\🧠 Brain Tumor MRI Dataset\classification_task\test\meningioma\brisc2025_test_00492_me_sa_t1.jpg,1,1,True,1.0
43,517,D:\brain_tumor\🧠 Brain Tumor MRI Dataset\classification_task\test\meningioma\brisc2025_test_00518_me_sa_t1.jpg,brisc2025_test_00518_me_sa_t1.jpg,brisc2025_test_00518_me_sa_t1,1,meningioma,sagittal,D:\brain_tumor\🧠 Brain Tumor MRI Dataset\segmentation_task\test\masks\brisc2025_test_00518_me_sa_t1.png,filename_class_plane,D:\brain_tumor\🧠 Brain Tumor MRI Dataset\classification_task\test\meningioma\brisc2025_test_00518_me_sa_t1.jpg,1,1,True,1.0
44,33,D:\brain_tumor\🧠 Brain Tumor MRI Dataset\classification_task\test\glioma\brisc2025_test_00034_gl_ax_t1.jpg,brisc2025_test_00034_gl_ax_t1.jpg,brisc2025_test_00034_gl_ax_t1,0,glioma,axial,D:\brain_tumor\🧠 Brain Tumor MRI Dataset\segmentation_task\test\masks\brisc2025_test_00034_gl_ax_t1.png,filename_class_plane,D:\brain_tumor\🧠 Brain Tumor MRI Dataset\classification_task\test\glioma\brisc2025_test_00034_gl_ax_t1.jpg,0,0,True,1.0
45,40,D:\brain_tumor\🧠 Brain Tumor MRI Dataset\classification_task\test\glioma\brisc2025_test_00041_gl_ax_t1.jpg,brisc2025_test_00041_gl_ax_t1.jpg,brisc2025_test_00041_gl_ax_t1,0,glioma,axial,D:\brain_tumor\🧠 Brain Tumor MRI Dataset\segmentation_task\test\masks\brisc2025_test_00041_gl_ax_t1.png,filename_class_plane,D:\brain_tumor\🧠 Brain Tumor MRI Dataset\classification_task\test\glioma\brisc2025_test_00041_gl_ax_t1.jpg,0,0,True,1.0
46,454,D:\brain_tumor\🧠 Brain Tumor MRI Dataset\classification_task\test\meningioma\brisc2025_test_00455_me_co_t1.jpg,brisc2025_test_00455_me_co_t1.jpg,brisc2025_test_00455_me_co_t1,1,meningioma,coronal,D:\brain_tumor\🧠 Brain Tumor MRI Dataset\segmentation_task\test\masks\brisc2025_test_00455_me_co_t1.png,filename_class_plane,D:\brain_tumor\🧠 Brain Tumor MRI Dataset\classification_task\test\meningioma\brisc2025_test_00455_me_co_t1.jpg,1,1,True,1.0
47,939,D:\brain_tumor\🧠 Brain Tumor MRI Dataset\classification_task\test\pituitary\brisc2025_test_00940_pi_sa_t1.jpg,brisc2025_test_00940_pi_sa_t1.jpg,brisc2025_test_00940_pi_sa_t1,2,pituitary,sagittal,D:\brain_tumor\🧠 Brain Tumor MRI Dataset\segmentation_task\test\masks\brisc2025_test_00940_pi_sa_t1.png,filename_class_plane,D:\brain_tumor\🧠 Brain Tumor MRI Dataset\classification_task\test\pituitary\brisc2025_test_00940_pi_sa_t1.jpg,2,2,True,1.0
48,964,D:\brain_tumor\🧠 Brain Tumor MRI Dataset\classification_task\test\pituitary\brisc2025_test_00965_pi_sa_t1.jpg,brisc2025_test_00965_pi_sa_t1.jpg,brisc2025_test_00965_pi_sa_t1,2,pituitary,sagittal,D:\brain_tumor\🧠 Brain Tumor MRI Dataset\segmentation_task\test\masks\brisc2025_test_00965_pi_sa_t1.png,filename_class_plane,D:\brain_tumor\🧠 Brain Tumor MRI Dataset\classification_task\test\pituitary\brisc2025_test_00965_pi_sa_t1.jpg,2,2,True,1.0
49,432,D:\brain_tumor\🧠 Brain Tumor MRI Dataset\classification_task\test\meningioma\brisc2025_test_00433_me_co_t1.jpg,brisc2025_test_00433_me_co_t1.jpg,brisc2025_test_00433_me_co_t1,1,meningioma,coronal,D:\brain_tumor\🧠 Brain Tumor MRI Dataset\segmentation_task\test\masks\brisc2025_test_00433_me_co_t1.png,filename_class_plane,D:\brain_tumor\🧠 Brain Tumor MRI Dataset\classification_task\test\meningioma\brisc2025_test_00433_me_co_t1.jpg,1,2,False,0.85
50,822,D:\brain_tumor\🧠 Brain Tumor MRI Dataset\classification_task\test\pituitary\brisc2025_test_00823_pi_ax_t1.jpg,brisc2025_test_00823_pi_ax_t1.jpg,brisc2025_test_00823_pi_ax_t1,2,pituitary,axial,D:\brain_tumor\🧠 Brain Tumor MRI Dataset\segmentation_task\test\masks\brisc2025_test_00823_pi_ax_t1.png,filename_class_plane,D:\brain_tumor\🧠 Brain Tumor MRI Dataset\classification_task\test\pituitary\brisc2025_test_00823_pi_ax_t1.jpg,2,2,True,1.0
51,533,D:\brain_tumor\🧠 Brain Tumor MRI Dataset\classification_task\test\meningioma\brisc2025_test_00534_me_sa_t1.jpg,brisc2025_test_00534_me_sa_t1.jpg,brisc2025_test_00534_me_sa_t1,1,meningioma,sagittal,D:\brain_tumor\🧠 Brain Tumor MRI Dataset\segmentation_task\test\masks\brisc2025_test_00534_me_sa_t1.png,filename_class_plane,D:\brain_tumor\🧠 Brain Tumor MRI Dataset\classification_task\test\meningioma\brisc2025_test_00534_me_sa_t1.jpg,1,1,True,1.0
52,771,D:\brain_tumor\🧠 Brain Tumor MRI Dataset\classification_task\test\pituitary\brisc2025_test_00772_pi_ax_t1.jpg,brisc2025_test_00772_pi_ax_t1.jpg,brisc2025_test_00772_pi_ax_t1,2,pituitary,axial,D:\brain_tumor\🧠 Brain Tumor MRI Dataset\segmentation_task\test\masks\brisc2025_test_00772_pi_ax_t1.png,filename_class_plane,D:\brain_tumor\🧠 Brain Tumor MRI Dataset\classification_task\test\pituitary\brisc2025_test_00772_pi_ax_t1.jpg,2,2,True,1.0
53,404,D:\brain_tumor\🧠 Brain Tumor MRI Dataset\classification_task\test\meningioma\brisc2025_test_00405_me_co_t1.jpg,brisc2025_test_00405_me_co_t1.jpg,brisc2025_test_00405_me_co_t1,1,meningioma,coronal,D:\brain_tumor\🧠 Brain Tumor MRI Dataset\segmentation_task\test\masks\brisc2025_test_00405_me_co_t1.png,filename_class_plane,D:\brain_tumor\🧠 Brain Tumor MRI Dataset\classification_task\test\meningioma\brisc2025_test_00405_me_co_t1.jpg,1,1,True,1.0
54,78,D:\brain_tumor\🧠 Brain Tumor MRI Dataset\classification_task\test\glioma\brisc2025_test_00079_gl_ax_t1.jpg,brisc2025_test_00079_gl_ax_t1.jpg,brisc2025_test_00079_gl_ax_t1,0,glioma,axial,D:\brain_tumor\🧠 Brain Tumor MRI Dataset\segmentation_task\test\masks\brisc2025_test_00079_gl_ax_t1.png,filename_class_plane,D:\brain_tumor\🧠 Brain Tumor MRI Dataset\classification_task\test\glioma\brisc2025_test_00079_gl_ax_t1.jpg,0,0,True,1.0
55,825,D:\brain_tumor\🧠 Brain Tumor MRI Dataset\classification_task\test\pituitary\brisc2025_test_00826_pi_co_t1.jpg,brisc2025_test_00826_pi_co_t1.jpg,brisc2025_test_00826_pi_co_t1,2,pituitary,coronal,D:\brain_tumor\🧠 Brain Tumor MRI Dataset\segmentation_task\test\masks\brisc2025_test_00826_pi_co_t1.png,filename_class_plane,D:\brain_tumor\🧠 Brain Tumor MRI Dataset\classification_task\test\pituitary\brisc2025_test_00826_pi_co_t1.jpg,2,1,False,0.9907
56,441,D:\brain_tumor\🧠 Brain Tumor MRI Dataset\classification_task\test\meningioma\brisc2025_test_00442_me_co_t1.jpg,brisc2025_test_00442_me_co_t1.jpg,brisc2025_test_00442_me_co_t1,1,meningioma,coronal,D:\brain_tumor\🧠 Brain Tumor MRI Dataset\segmentation_task\test\masks\brisc2025_test_00442_me_co_t1.png,filename_class_plane,D:\brain_tumor\🧠 Brain Tumor MRI Dataset\classification_task\test\meningioma\brisc2025_test_00442_me_co_t1.jpg,1,1,True,1.0
57,96,D:\brain_tumor\🧠 Brain Tumor MRI Dataset\classification_task\test\glioma\brisc2025_test_00097_gl_co_t1.jpg,brisc2025_test_00097_gl_co_t1.jpg,brisc2025_test_00097_gl_co_t1,0,glioma,coronal,D:\brain_tumor\🧠 Brain Tumor MRI Dataset\segmentation_task\test\masks\brisc2025_test_00097_gl_co_t1.png,filename_class_plane,D:\brain_tumor\🧠 Brain Tumor MRI Dataset\classification_task\test\glioma\brisc2025_test_00097_gl_co_t1.jpg,0,0,True,1.0
58,234,D:\brain_tumor\🧠 Brain Tumor MRI Dataset\classification_task\test\glioma\brisc2025_test_00235_gl_sa_t1.jpg,brisc2025_test_00235_gl_sa_t1.jpg,brisc2025_test_00235_gl_sa_t1,0,glioma,sagittal,D:\brain_tumor\🧠 Brain Tumor MRI Dataset\segmentation_task\test\masks\brisc2025_test_00235_gl_sa_t1.png,filename_class_plane,D:\brain_tumor\🧠 Brain Tumor MRI Dataset\classification_task\test\glioma\brisc2025_test_00235_gl_sa_t1.jpg,0,0,True,1.0
59,205,D:\brain_tumor\🧠 Brain Tumor MRI Dataset\classification_task\test\glioma\brisc2025_test_00206_gl_sa_t1.jpg,brisc2025_test_00206_gl_sa_t1.jpg,brisc2025_test_00206_gl_sa_t1,0,glioma,sagittal,D:\brain_tumor\🧠 Brain Tumor MRI Dataset\segmentation_task\test\masks\brisc2025_test_00206_gl_sa_t1.png,filename_class_plane,D:\brain_tumor\🧠 Brain Tumor MRI Dataset\classification_task\test\glioma\brisc2025_test_00206_gl_sa_t1.jpg,0,0,True,1.0
60,287,D:\brain_tumor\🧠 Brain Tumor MRI Dataset\classification_task\test\meningioma\brisc2025_test_00288_me_ax_t1.jpg,brisc2025_test_00288_me_ax_t1.jpg,brisc2025_test_00288_me_ax_t1,1,meningioma,axial,D:\brain_tumor\🧠 Brain Tumor MRI Dataset\segmentation_task\test\masks\brisc2025_test_00288_me_ax_t1.png,filename_class_plane,D:\brain_tumor\🧠 Brain Tumor MRI Dataset\classification_task\test\meningioma\brisc2025_test_00288_me_ax_t1.jpg,1,1,True,1.0
61,824,D:\brain_tumor\🧠 Brain Tumor MRI Dataset\classification_task\test\pituitary\brisc2025_test_00825_pi_co_t1.jpg,brisc2025_test_00825_pi_co_t1.jpg,brisc2025_test_00825_pi_co_t1,2,pituitary,coronal,D:\brain_tumor\🧠 Brain Tumor MRI Dataset\segmentation_task\test\masks\brisc2025_test_00825_pi_co_t1.png,filename_class_plane,D:\brain_tumor\🧠 Brain Tumor MRI Dataset\classification_task\test\pituitary\brisc2025_test_00825_pi_co_t1.jpg,2,2,True,1.0
62,90,D:\brain_tumor\🧠 Brain Tumor MRI Dataset\classification_task\test\glioma\brisc2025_test_00091_gl_co_t1.jpg,brisc2025_test_00091_gl_co_t1.jpg,brisc2025_test_00091_gl_co_t1,0,glioma,coronal,D:\brain_tumor\🧠 Brain Tumor MRI Dataset\segmentation_task\test\masks\brisc2025_test_00091_gl_co_t1.png,filename_class_plane,D:\brain_tumor\🧠 Brain Tumor MRI Dataset\classification_task\test\glioma\brisc2025_test_00091_gl_co_t1.jpg,0,0,True,1.0
63,158,D:\brain_tumor\🧠 Brain Tumor MRI Dataset\classification_task\test\glioma\brisc2025_test_00159_gl_co_t1.jpg,brisc2025_test_00159_gl_co_t1.jpg,brisc2025_test_00159_gl_co_t1,0,glioma,coronal,D:\brain_tumor\🧠 Brain Tumor MRI Dataset\segmentation_task\test\masks\brisc2025_test_00159_gl_co_t1.png,filename_class_plane,D:\brain_tumor\🧠 Brain Tumor MRI Dataset\classification_task\test\glioma\brisc2025_test_00159_gl_co_t1.jpg,0,0,True,1.0
64,98,D:\brain_tumor\🧠 Brain Tumor MRI Dataset\classification_task\test\glioma\brisc2025_test_00099_gl_co_t1.jpg,brisc2025_test_00099_gl_co_t1.jpg,brisc2025_test_00099_gl_co_t1,0,glioma,coronal,D:\brain_tumor\🧠 Brain Tumor MRI Dataset\segmentation_task\test\masks\brisc2025_test_00099_gl_co_t1.png,filename_class_plane,D:\brain_tumor\🧠 Brain Tumor MRI Dataset\classification_task\test\glioma\brisc2025_test_00099_gl_co_t1.jpg,0,0,True,1.0
65,513,D:\brain_tumor\🧠 Brain Tumor MRI Dataset\classification_task\test\meningioma\brisc2025_test_00514_me_sa_t1.jpg,brisc2025_test_00514_me_sa_t1.jpg,brisc2025_test_00514_me_sa_t1,1,meningioma,sagittal,D:\brain_tumor\🧠 Brain Tumor MRI Dataset\segmentation_task\test\masks\brisc2025_test_00514_me_sa_t1.png,filename_class_plane,D:\brain_tumor\🧠 Brain Tumor MRI Dataset\classification_task\test\meningioma\brisc2025_test_00514_me_sa_t1.jpg,1,1,True,1.0
66,190,D:\brain_tumor\🧠 Brain Tumor MRI Dataset\classification_task\test\glioma\brisc2025_test_00191_gl_sa_t1.jpg,brisc2025_test_00191_gl_sa_t1.jpg,brisc2025_test_00191_gl_sa_t1,0,glioma,sagittal,D:\brain_tumor\🧠 Brain Tumor MRI Dataset\segmentation_task\test\masks\brisc2025_test_00191_gl_sa_t1.png,filename_class_plane,D:\brain_tumor\🧠 Brain Tumor MRI Dataset\classification_task\test\glioma\brisc2025_test_00191_gl_sa_t1.jpg,0,0,True,1.0
67,537,D:\brain_tumor\🧠 Brain Tumor MRI Dataset\classification_task\test\meningioma\brisc2025_test_00538_me_sa_t1.jpg,brisc2025_test_00538_me_sa_t1.jpg,brisc2025_test_00538_me_sa_t1,1,meningioma,sagittal,D:\brain_tumor\🧠 Brain Tumor MRI Dataset\segmentation_task\test\masks\brisc2025_test_00538_me_sa_t1.png,filename_class_plane,D:\brain_tumor\🧠 Brain Tumor MRI Dataset\classification_task\test\meningioma\brisc2025_test_00538_me_sa_t1.jpg,1,1,True,1.0
68,847,D:\brain_tumor\🧠 Brain Tumor MRI Dataset\classification_task\test\pituitary\brisc2025_test_00848_pi_co_t1.jpg,brisc2025_test_00848_pi_co_t1.jpg,brisc2025_test_00848_pi_co_t1,2,pituitary,coronal,D:\brain_tumor\🧠 Brain Tumor MRI Dataset\segmentation_task\test\masks\brisc2025_test_00848_pi_co_t1.png,filename_class_plane,D:\brain_tumor\🧠 Brain Tumor MRI Dataset\classification_task\test\pituitary\brisc2025_test_00848_pi_co_t1.jpg,2,2,True,1.0
69,185,D:\brain_tumor\🧠 Brain Tumor MRI Dataset\classification_task\test\glioma\brisc2025_test_00186_gl_sa_t1.jpg,brisc2025_test_00186_gl_sa_t1.jpg,brisc2025_test_00186_gl_sa_t1,0,glioma,sagittal,D:\brain_tumor\🧠 Brain Tumor MRI Dataset\segmentation_task\test\masks\brisc2025_test_00186_gl_sa_t1.png,filename_class_plane,D:\brain_tumor\🧠 Brain Tumor MRI Dataset\classification_task\test\glioma\brisc2025_test_00186_gl_sa_t1.jpg,0,0,True,1.0
70,482,D:\brain_tumor\🧠 Brain Tumor MRI Dataset\classification_task\test\meningioma\brisc2025_test_00483_me_sa_t1.jpg,brisc2025_test_00483_me_sa_t1.jpg,brisc2025_test_00483_me_sa_t1,1,meningioma,sagittal,D:\brain_tumor\🧠 Brain Tumor MRI Dataset\segmentation_task\test\masks\brisc2025_test_00483_me_sa_t1.png,filename_class_plane,D:\brain_tumor\🧠 Brain Tumor MRI Dataset\classification_task\test\meningioma\brisc2025_test_00483_me_sa_t1.jpg,1,1,True,1.0
71,802,D:\brain_tumor\🧠 Brain Tumor MRI Dataset\classification_task\test\pituitary\brisc2025_test_00803_pi_ax_t1.jpg,brisc2025_test_00803_pi_ax_t1.jpg,brisc2025_test_00803_pi_ax_t1,2,pituitary,axial,D:\brain_tumor\🧠 Brain Tumor MRI Dataset\segmentation_task\test\masks\brisc2025_test_00803_pi_ax_t1.png,filename_class_plane,D:\brain_tumor\🧠 Brain Tumor MRI Dataset\classification_task\test\pituitary\brisc2025_test_00803_pi_ax_t1.jpg,2,2,True,1.0
72,127,D:\brain_tumor\🧠 Brain Tumor MRI Dataset\classification_task\test\glioma\brisc2025_test_00128_gl_co_t1.jpg,brisc2025_test_00128_gl_co_t1.jpg,brisc2025_test_00128_gl_co_t1,0,glioma,coronal,D:\brain_tumor\🧠 Brain Tumor MRI Dataset\segmentation_task\test\masks\brisc2025_test_00128_gl_co_t1.png,filename_class_plane,D:\brain_tumor\🧠 Brain Tumor MRI Dataset\classification_task\test\glioma\brisc2025_test_00128_gl_co_t1.jpg,0,0,True,1.0
73,948,D:\brain_tumor\🧠 Brain Tumor MRI Dataset\classification_task\test\pituitary\brisc2025_test_00949_pi_sa_t1.jpg,brisc2025_test_00949_pi_sa_t1.jpg,brisc2025_test_00949_pi_sa_t1,2,pituitary,sagittal,D:\brain_tumor\🧠 Brain Tumor MRI Dataset\segmentation_task\test\masks\brisc2025_test_00949_pi_sa_t1.png,filename_class_plane,D:\brain_tumor\🧠 Brain Tumor MRI Dataset\classification_task\test\pituitary\brisc2025_test_00949_pi_sa_t1.jpg,2,2,True,1.0
74,720,D:\brain_tumor\🧠 Brain Tumor MRI Dataset\classification_task\test\pituitary\brisc2025_test_00721_pi_ax_t1.jpg,brisc2025_test_00721_pi_ax_t1.jpg,brisc2025_test_00721_pi_ax_t1,2,pituitary,axial,D:\brain_tumor\🧠 Brain Tumor MRI Dataset\segmentation_task\test\masks\brisc2025_test_00721_pi_ax_t1.png,filename_class_plane,D:\brain_tumor\🧠 Brain Tumor MRI Dataset\classification_task\test\pituitary\brisc2025_test_00721_pi_ax_t1.jpg,2,2,True,1.0
75,299,D:\brain_tumor\🧠 Brain Tumor MRI Dataset\classification_task\test\meningioma\brisc2025_test_00300_me_ax_t1.jpg,brisc2025_test_00300_me_ax_t1.jpg,brisc2025_test_00300_me_ax_t1,1,meningioma,axial,D:\brain_tumor\🧠 Brain Tumor MRI Dataset\segmentation_task\test\masks\brisc2025_test_00300_me_ax_t1.png,filename_class_plane,D:\brain_tumor\🧠 Brain Tumor MRI Dataset\classification_task\test\meningioma\brisc2025_test_00300_me_ax_t1.jpg,1,1,True,1.0
76,502,D:\brain_tumor\🧠 Brain Tumor MRI Dataset\classification_task\test\meningioma\brisc2025_test_00503_me_sa_t1.jpg,brisc2025_test_00503_me_sa_t1.jpg,brisc2025_test_00503_me_sa_t1,1,meningioma,sagittal,D:\brain_tumor\🧠 Brain Tumor MRI Dataset\segmentation_task\test\masks\brisc2025_test_00503_me_sa_t1.png,filename_class_plane,D:\brain_tumor\🧠 Brain Tumor MRI Dataset\classification_task\test\meningioma\brisc2025_test_00503_me_sa_t1.jpg,1,1,True,0.9995
77,996,D:\brain_tumor\🧠 Brain Tumor MRI Dataset\classification_task\test\pituitary\brisc2025_test_00997_pi_sa_t1.jpg,brisc2025_test_00997_pi_sa_t1.jpg,brisc2025_test_00997_pi_sa_t1,2,pituitary,sagittal,D:\brain_tumor\🧠 Brain Tumor MRI Dataset\segmentation_task\test\masks\brisc2025_test_00997_pi_sa_t1.png,filename_class_plane,D:\brain_tumor\🧠 Brain Tumor MRI Dataset\classification_task\test\pituitary\brisc2025_test_00997_pi_sa_t1.jpg,2,2,True,1.0
78,377,D:\brain_tumor\🧠 Brain Tumor MRI Dataset\classification_task\test\meningioma\brisc2025_test_00378_me_ax_t1.jpg,brisc2025_test_00378_me_ax_t1.jpg,brisc2025_test_00378_me_ax_t1,1,meningioma,axial,D:\brain_tumor\🧠 Brain Tumor MRI Dataset\segmentation_task\test\masks\brisc2025_test_00378_me_ax_t1.png,filename_class_plane,D:\brain_tumor\🧠 Brain Tumor MRI Dataset\classification_task\test\meningioma\brisc2025_test_00378_me_ax_t1.jpg,1,1,True,1.0
79,82,D:\brain_tumor\🧠 Brain Tumor MRI Dataset\classification_task\test\glioma\brisc2025_test_00083_gl_ax_t1.jpg,brisc2025_test_00083_gl_ax_t1.jpg,brisc2025_test_00083_gl_ax_t1,0,glioma,axial,D:\brain_tumor\🧠 Brain Tumor MRI Dataset\segmentation_task\test\masks\brisc2025_test_00083_gl_ax_t1.png,filename_class_plane,D:\brain_tumor\🧠 Brain Tumor MRI Dataset\classification_task\test\glioma\brisc2025_test_00083_gl_ax_t1.jpg,0,0,True,1.0
80,506,D:\brain_tumor\🧠 Brain Tumor MRI Dataset\classification_task\test\meningioma\brisc2025_test_00507_me_sa_t1.jpg,brisc2025_test_00507_me_sa_t1.jpg,brisc2025_test_00507_me_sa_t1,1,meningioma,sagittal,D:\brain_tumor\🧠 Brain Tumor MRI Dataset\segmentation_task\test\masks\brisc2025_test_00507_me_sa_t1.png,filename_class_plane,D:\brain_tumor\🧠 Brain Tumor MRI Dataset\classification_task\test\meningioma\brisc2025_test_00507_me_sa_t1.jpg,1,1,True,1.0
81,804,D:\brain_tumor\🧠 Brain Tumor MRI Dataset\classification_task\test\pituitary\brisc2025_test_00805_pi_ax_t1.jpg,brisc2025_test_00805_pi_ax_t1.jpg,brisc2025_test_00805_pi_ax_t1,2,pituitary,axial,D:\brain_tumor\🧠 Brain Tumor MRI Dataset\segmentation_task\test\masks\brisc2025_test_00805_pi_ax_t1.png,filename_class_plane,D:\brain_tumor\🧠 Brain Tumor MRI Dataset\classification_task\test\pituitary\brisc2025_test_00805_pi_ax_t1.jpg,2,2,True,1.0
82,203,D:\brain_tumor\🧠 Brain Tumor MRI Dataset\classification_task\test\glioma\brisc2025_test_00204_gl_sa_t1.jpg,brisc2025_test_00204_gl_sa_t1.jpg,brisc2025_test_00204_gl_sa_t1,0,glioma,sagittal,D:\brain_tumor\🧠 Brain Tumor MRI Dataset\segmentation_task\test\masks\brisc2025_test_00204_gl_sa_t1.png,filename_class_plane,D:\brain_tumor\🧠 Brain Tumor MRI Dataset\classification_task\test\glioma\brisc2025_test_00204_gl_sa_t1.jpg,0,0,True,1.0
83,248,D:\brain_tumor\🧠 Brain Tumor MRI Dataset\classification_task\test\glioma\brisc2025_test_00249_gl_sa_t1.jpg,brisc2025_test_00249_gl_sa_t1.jpg,brisc2025_test_00249_gl_sa_t1,0,glioma,sagittal,D:\brain_tumor\🧠 Brain Tumor MRI Dataset\segmentation_task\test\masks\brisc2025_test_00249_gl_sa_t1.png,filename_class_plane,D:\brain_tumor\🧠 Brain Tumor MRI Dataset\classification_task\test\glioma\brisc2025_test_00249_gl_sa_t1.jpg,0,0,True,1.0
84,472,D:\brain_tumor\🧠 Brain Tumor MRI Dataset\classification_task\test\meningioma\brisc2025_test_00473_me_co_t1.jpg,brisc2025_test_00473_me_co_t1.jpg,brisc2025_test_00473_me_co_t1,1,meningioma,coronal,D:\brain_tumor\🧠 Brain Tumor MRI Dataset\segmentation_task\test\masks\brisc2025_test_00473_me_co_t1.png,filename_class_plane,D:\brain_tumor\🧠 Brain Tumor MRI Dataset\classification_task\test\meningioma\brisc2025_test_00473_me_co_t1.jpg,1,1,True,1.0
85,416,D:\brain_tumor\🧠 Brain Tumor MRI Dataset\classification_task\test\meningioma\brisc2025_test_00417_me_co_t1.jpg,brisc2025_test_00417_me_co_t1.jpg,brisc2025_test_00417_me_co_t1,1,meningioma,coronal,D:\brain_tumor\🧠 Brain Tumor MRI Dataset\segmentation_task\test\masks\brisc2025_test_00417_me_co_t1.png,filename_class_plane,D:\brain_tumor\🧠 Brain Tumor MRI Dataset\classification_task\test\meningioma\brisc2025_test_00417_me_co_t1.jpg,1,1,True,1.0
86,253,D:\brain_tumor\🧠 Brain Tumor MRI Dataset\classification_task\test\glioma\brisc2025_test_00254_gl_sa_t1.jpg,brisc2025_test_00254_gl_sa_t1.jpg,brisc2025_test_00254_gl_sa_t1,0,glioma,sagittal,D:\brain_tumor\🧠 Brain Tumor MRI Dataset\segmentation_task\test\masks\brisc2025_test_00254_gl_sa_t1.png,filename_class_plane,D:\brain_tumor\🧠 Brain Tumor MRI Dataset\classification_task\test\glioma\brisc2025_test_00254_gl_sa_t1.jpg,0,0,True,1.0
87,805,D:\brain_tumor\🧠 Brain Tumor MRI Dataset\classification_task\test\pituitary\brisc2025_test_00806_pi_ax_t1.jpg,brisc2025_test_00806_pi_ax_t1.jpg,brisc2025_test_00806_pi_ax_t1,2,pituitary,axial,D:\brain_tumor\🧠 Brain Tumor MRI Dataset\segmentation_task\test\masks\brisc2025_test_00806_pi_ax_t1.png,filename_class_plane,D:\brain_tumor\🧠 Brain Tumor MRI Dataset\classification_task\test\pituitary\brisc2025_test_00806_pi_ax_t1.jpg,2,2,True,1.0
88,18,D:\brain_tumor\🧠 Brain Tumor MRI Dataset\classification_task\test\glioma\brisc2025_test_00019_gl_ax_t1.jpg,brisc2025_test_00019_gl_ax_t1.jpg,brisc2025_test_00019_gl_ax_t1,0,glioma,axial,D:\brain_tumor\🧠 Brain Tumor MRI Dataset\segmentation_task\test\masks\brisc2025_test_00019_gl_ax_t1.png,filename_class_plane,D:\brain_tumor\🧠 Brain Tumor MRI Dataset\classification_task\test\glioma\brisc2025_test_00019_gl_ax_t1.jpg,0,0,True,1.0
89,206,D:\brain_tumor\🧠 Brain Tumor MRI Dataset\classification_task\test\glioma\brisc2025_test_00207_gl_sa_t1.jpg,brisc2025_test_00207_gl_sa_t1.jpg,brisc2025_test_00207_gl_sa_t1,0,glioma,sagittal,D:\brain_tumor\🧠 Brain Tumor MRI Dataset\segmentation_task\test\masks\brisc2025_test_00207_gl_sa_t1.png,filename_class_plane,D:\brain_tumor\🧠 Brain Tumor MRI Dataset\classification_task\test\glioma\brisc2025_test_00207_gl_sa_t1.jpg,0,0,True,1.0
90,401,D:\brain_tumor\🧠 Brain Tumor MRI Dataset\classification_task\test\meningioma\brisc2025_test_00402_me_co_t1.jpg,brisc2025_test_00402_me_co_t1.jpg,brisc2025_test_00402_me_co_t1,1,meningioma,coronal,D:\brain_tumor\🧠 Brain Tumor MRI Dataset\segmentation_task\test\masks\brisc2025_test_00402_me_co_t1.png,filename_class_plane,D:\brain_tumor\🧠 Brain Tumor MRI Dataset\classification_task\test\meningioma\brisc2025_test_00402_me_co_t1.jpg,1,1,True,1.0
91,543,D:\brain_tumor\🧠 Brain Tumor MRI Dataset\classification_task\test\meningioma\brisc2025_test_00544_me_sa_t1.jpg,brisc2025_test_00544_me_sa_t1.jpg,brisc2025_test_00544_me_sa_t1,1,meningioma,sagittal,D:\brain_tumor\🧠 Brain Tumor MRI Dataset\segmentation_task\test\masks\brisc2025_test_00544_me_sa_t1.png,filename_class_plane,D:\brain_tumor\🧠 Brain Tumor MRI Dataset\classification_task\test\meningioma\brisc2025_test_00544_me_sa_t1.jpg,1,1,True,1.0
92,845,D:\brain_tumor\🧠 Brain Tumor MRI Dataset\classification_task\test\pituitary\brisc2025_test_00846_pi_co_t1.jpg,brisc2025_test_00846_pi_co_t1.jpg,brisc2025_test_00846_pi_co_t1,2,pituitary,coronal,D:\brain_tumor\🧠 Brain Tumor MRI Dataset\segmentation_task\test\masks\brisc2025_test_00846_pi_co_t1.png,filename_class_plane,D:\brain_tumor\🧠 Brain Tumor MRI Dataset\classification_task\test\pituitary\brisc2025_test_00846_pi_co_t1.jpg,2,2,True,1.0
93,535,D:\brain_tumor\🧠 Brain Tumor MRI Dataset\classification_task\test\meningioma\brisc2025_test_00536_me_sa_t1.jpg,brisc2025_test_00536_me_sa_t1.jpg,brisc2025_test_00536_me_sa_t1,1,meningioma,sagittal,D:\brain_tumor\🧠 Brain Tumor MRI Dataset\segmentation_task\test\masks\brisc2025_test_00536_me_sa_t1.png,filename_class_plane,D:\brain_tumor\🧠 Brain Tumor MRI Dataset\classification_task\test\meningioma\brisc2025_test_00536_me_sa_t1.jpg,1,1,True,1.0
94,930,D:\brain_tumor\🧠 Brain Tumor MRI Dataset\classification_task\test\pituitary\brisc2025_test_00931_pi_sa_t1.jpg,brisc2025_test_00931_pi_sa_t1.jpg,brisc2025_test_00931_pi_sa_t1,2,pituitary,sagittal,D:\brain_tumor\🧠 Brain Tumor MRI Dataset\segmentation_task\test\masks\brisc2025_test_00931_pi_sa_t1.png,filename_class_plane,D:\brain_tumor\🧠 Brain Tumor MRI Dataset\classification_task\test\pituitary\brisc2025_test_00931_pi_sa_t1.jpg,2,2,True,1.0
95,970,D:\brain_tumor\🧠 Brain Tumor MRI Dataset\classification_task\test\pituitary\brisc2025_test_00971_pi_sa_t1.jpg,brisc2025_test_00971_pi_sa_t1.jpg,brisc2025_test_00971_pi_sa_t1,2,pituitary,sagittal,D:\brain_tumor\🧠 Brain Tumor MRI Dataset\segmentation_task\test\masks\brisc2025_test_00971_pi_sa_t1.png,filename_class_plane,D:\brain_tumor\🧠 Brain Tumor MRI Dataset\classification_task\test\pituitary\brisc2025_test_00971_pi_sa_t1.jpg,2,2,True,1.0
96,519,D:\brain_tumor\🧠 Brain Tumor MRI Dataset\classification_task\test\meningioma\brisc2025_test_00520_me_sa_t1.jpg,brisc2025_test_00520_me_sa_t1.jpg,brisc2025_test_00520_me_sa_t1,1,meningioma,sagittal,D:\brain_tumor\🧠 Brain Tumor MRI Dataset\segmentation_task\test\masks\brisc2025_test_00520_me_sa_t1.png,filename_class_plane,D:\brain_tumor\🧠 Brain Tumor MRI Dataset\classification_task\test\meningioma\brisc2025_test_00520_me_sa_t1.jpg,1,1,True,1.0
97,4,D:\brain_tumor\🧠 Brain Tumor MRI Dataset\classification_task\test\glioma\brisc2025_test_00005_gl_ax_t1.jpg,brisc2025_test_00005_gl_ax_t1.jpg,brisc2025_test_00005_gl_ax_t1,0,glioma,axial,D:\brain_tumor\🧠 Brain Tumor MRI Dataset\segmentation_task\test\masks\brisc2025_test_00005_gl_ax_t1.png,filename_class_plane,D:\brain_tumor\🧠 Brain Tumor MRI Dataset\classification_task\test\glioma\brisc2025_test_00005_gl_ax_t1.jpg,0,0,True,0.9995
98,72,D:\brain_tumor\🧠 Brain Tumor MRI Dataset\classification_task\test\glioma\brisc2025_test_00073_gl_ax_t1.jpg,brisc2025_test_00073_gl_ax_t1.jpg,brisc2025_test_00073_gl_ax_t1,0,glioma,axial,D:\brain_tumor\🧠 Brain Tumor MRI Dataset\segmentation_task\test\masks\brisc2025_test_00073_gl_ax_t1.png,filename_class_plane,D:\brain_tumor\🧠 Brain Tumor MRI Dataset\classification_task\test\glioma\brisc2025_test_00073_gl_ax_t1.jpg,0,0,True,1.0
99,888,D:\brain_tumor\🧠 Brain Tumor MRI Dataset\classification_task\test\pituitary\brisc2025_test_00889_pi_co_t1.jpg,brisc2025_test_00889_pi_co_t1.jpg,brisc2025_test_00889_pi_co_t1,2,pituitary,coronal,D:\brain_tumor\🧠 Brain Tumor MRI Dataset\segmentation_task\test\masks\brisc2025_test_00889_pi_co_t1.png,filename_class_plane,D:\brain_tumor\🧠 Brain Tumor MRI Dataset\classification_task\test\pituitary\brisc2025_test_00889_pi_co_t1.jpg,2,2,True,1.0
100,852,D:\brain_tumor\🧠 Brain Tumor MRI Dataset\classification_task\test\pituitary\brisc2025_test_00853_pi_co_t1.jpg,brisc2025_test_00853_pi_co_t1.jpg,brisc2025_test_00853_pi_co_t1,2,pituitary,coronal,D:\brain_tumor\🧠 Brain Tumor MRI Dataset\segmentation_task\test\masks\brisc2025_test_00853_pi_co_t1.png,filename_class_plane,D:\brain_tumor\🧠 Brain Tumor MRI Dataset\classification_task\test\pituitary\brisc2025_test_00853_pi_co_t1.jpg,2,2,True,1.0
101,22,D:\brain_tumor\🧠 Brain Tumor MRI Dataset\classification_task\test\glioma\brisc2025_test_00023_gl_ax_t1.jpg,brisc2025_test_00023_gl_ax_t1.jpg,brisc2025_test_00023_gl_ax_t1,0,glioma,axial,D:\brain_tumor\🧠 Brain Tumor MRI Dataset\segmentation_task\test\masks\brisc2025_test_00023_gl_ax_t1.png,filename_class_plane,D:\brain_tumor\🧠 Brain Tumor MRI Dataset\classification_task\test\glioma\brisc2025_test_00023_gl_ax_t1.jpg,0,0,True,1.0
102,107,D:\brain_tumor\🧠 Brain Tumor MRI Dataset\classification_task\test\glioma\brisc2025_test_00108_gl_co_t1.jpg,brisc2025_test_00108_gl_co_t1.jpg,brisc2025_test_00108_gl_co_t1,0,glioma,coronal,D:\brain_tumor\🧠 Brain Tumor MRI Dataset\segmentation_task\test\masks\brisc2025_test_00108_gl_co_t1.png,filename_class_plane,D:\brain_tumor\🧠 Brain Tumor MRI Dataset\classification_task\test\glioma\brisc2025_test_00108_gl_co_t1.jpg,0,0,True,1.0
103,173,D:\brain_tumor\🧠 Brain Tumor MRI Dataset\classification_task\test\glioma\brisc2025_test_00174_gl_sa_t1.jpg,brisc2025_test_00174_gl_sa_t1.jpg,brisc2025_test_00174_gl_sa_t1,0,glioma,sagittal,D:\brain_tumor\🧠 Brain Tumor MRI Dataset\segmentation_task\test\masks\brisc2025_test_00174_gl_sa_t1.png,filename_class_plane,D:\brain_tumor\🧠 Brain Tumor MRI Dataset\classification_task\test\glioma\brisc2025_test_00174_gl_sa_t1.jpg,0,0,True,1.0
104,430,D:\brain_tumor\🧠 Brain Tumor MRI Dataset\classification_task\test\meningioma\brisc2025_test_00431_me_co_t1.jpg,brisc2025_test_00431_me_co_t1.jpg,brisc2025_test_00431_me_co_t1,1,meningioma,coronal,D:\brain_tumor\🧠 Brain Tumor MRI Dataset\segmentation_task\test\masks\brisc2025_test_00431_me_co_t1.png,filename_class_plane,D:\brain_tumor\🧠 Brain Tumor MRI Dataset\classification_task\test\meningioma\brisc2025_test_00431_me_co_t1.jpg,1,1,True,1.0
105,922,D:\brain_tumor\🧠 Brain Tumor MRI Dataset\classification_task\test\pituitary\brisc2025_test_00923_pi_sa_t1.jpg,brisc2025_test_00923_pi_sa_t1.jpg,brisc2025_test_00923_pi_sa_t1,2,pituitary,sagittal,D:\brain_tumor\🧠 Brain Tumor MRI Dataset\segmentation_task\test\masks\brisc2025_test_00923_pi_sa_t1.png,filename_class_plane,D:\brain_tumor\🧠 Brain Tumor MRI Dataset\classification_task\test\pituitary\brisc2025_test_00923_pi_sa_t1.jpg,2,2,True,1.0
106,10,D:\brain_tumor\🧠 Brain Tumor MRI Dataset\classification_task\test\glioma\brisc2025_test_00011_gl_ax_t1.jpg,brisc2025_test_00011_gl_ax_t1.jpg,brisc2025_test_00011_gl_ax_t1,0,glioma,axial,D:\brain_tumor\🧠 Brain Tumor MRI Dataset\segmentation_task\test\masks\brisc2025_test_00011_gl_ax_t1.png,filename_class_plane,D:\brain_tumor\🧠 Brain Tumor MRI Dataset\classification_task\test\glioma\brisc2025_test_00011_gl_ax_t1.jpg,0,0,True,1.0
107,769,D:\brain_tumor\🧠 Brain Tumor MRI Dataset\classification_task\test\pituitary\brisc2025_test_00770_pi_ax_t1.jpg,brisc2025_test_00770_pi_ax_t1.jpg,brisc2025_test_00770_pi_ax_t1,2,pituitary,axial,D:\brain_tumor\🧠 Brain Tumor MRI Dataset\segmentation_task\test\masks\brisc2025_test_00770_pi_ax_t1.png,filename_class_plane,D:\brain_tumor\🧠 Brain Tumor MRI Dataset\classification_task\test\pituitary\brisc2025_test_00770_pi_ax_t1.jpg,2,2,True,1.0
108,789,D:\brain_tumor\🧠 Brain Tumor MRI Dataset\classification_task\test\pituitary\brisc2025_test_00790_pi_ax_t1.jpg,brisc2025_test_00790_pi_ax_t1.jpg,brisc2025_test_00790_pi_ax_t1,2,pituitary,axial,D:\brain_tumor\🧠 Brain Tumor MRI Dataset\segmentation_task\test\masks\brisc2025_test_00790_pi_ax_t1.png,filename_class_plane,D:\brain_tumor\🧠 Brain Tumor MRI Dataset\classification_task\test\pituitary\brisc2025_test_00790_pi_ax_t1.jpg,2,2,True,1.0
109,68,D:\brain_tumor\🧠 Brain Tumor MRI Dataset\classification_task\test\glioma\brisc2025_test_00069_gl_ax_t1.jpg,brisc2025_test_00069_gl_ax_t1.jpg,brisc2025_test_00069_gl_ax_t1,0,glioma,axial,D:\brain_tumor\🧠 Brain Tumor MRI Dataset\segmentation_task\test\masks\brisc2025_test_00069_gl_ax_t1.png,filename_class_plane,D:\brain_tumor\🧠 Brain Tumor MRI Dataset\classification_task\test\glioma\brisc2025_test_00069_gl_ax_t1.jpg,0,0,True,1.0
110,264,D:\brain_tumor\🧠 Brain Tumor MRI Dataset\classification_task\test\meningioma\brisc2025_test_00265_me_ax_t1.jpg,brisc2025_test_00265_me_ax_t1.jpg,brisc2025_test_00265_me_ax_t1,1,meningioma,axial,D:\brain_tumor\🧠 Brain Tumor MRI Dataset\segmentation_task\test\masks\brisc2025_test_00265_me_ax_t1.png,filename_class_plane,D:\brain_tumor\🧠 Brain Tumor MRI Dataset\classification_task\test\meningioma\brisc2025_test_00265_me_ax_t1.jpg,1,1,True,1.0
111,292,D:\brain_tumor\🧠 Brain Tumor MRI Dataset\classification_task\test\meningioma\brisc2025_test_00293_me_ax_t1.jpg,brisc2025_test_00293_me_ax_t1.jpg,brisc2025_test_00293_me_ax_t1,1,meningioma,axial,D:\brain_tumor\🧠 Brain Tumor MRI Dataset\segmentation_task\test\masks\brisc2025_test_00293_me_ax_t1.png,filename_class_plane,D:\brain_tumor\🧠 Brain Tumor MRI Dataset\classification_task\test\meningioma\brisc2025_test_00293_me_ax_t1.jpg,1,1,True,1.0
112,868,D:\brain_tumor\🧠 Brain Tumor MRI Dataset\classification_task\test\pituitary\brisc2025_test_00869_pi_co_t1.jpg,brisc2025_test_00869_pi_co_t1.jpg,brisc2025_test_00869_pi_co_t1,2,pituitary,coronal,D:\brain_tumor\🧠 Brain Tumor MRI Dataset\segmentation_task\test\masks\brisc2025_test_00869_pi_co_t1.png,filename_class_plane,D:\brain_tumor\🧠 Brain Tumor MRI Dataset\classification_task\test\pituitary\brisc2025_test_00869_pi_co_t1.jpg,2,2,True,1.0
113,339,D:\brain_tumor\🧠 Brain Tumor MRI Dataset\classification_task\test\meningioma\brisc2025_test_00340_me_ax_t1.jpg,brisc2025_test_00340_me_ax_t1.jpg,brisc2025_test_00340_me_ax_t1,1,meningioma,axial,D:\brain_tumor\🧠 Brain Tumor MRI Dataset\segmentation_task\test\masks\brisc2025_test_00340_me_ax_t1.png,filename_class_plane,D:\brain_tumor\🧠 Brain Tumor MRI Dataset\classification_task\test\meningioma\brisc2025_test_00340_me_ax_t1.jpg,1,1,True,0.9995
114,775,D:\brain_tumor\🧠 Brain Tumor MRI Dataset\classification_task\test\pituitary\brisc2025_test_00776_pi_ax_t1.jpg,brisc2025_test_00776_pi_ax_t1.jpg,brisc2025_test_00776_pi_ax_t1,2,pituitary,axial,D:\brain_tumor\🧠 Brain Tumor MRI Dataset\segmentation_task\test\masks\brisc2025_test_00776_pi_ax_t1.png,filename_class_plane,D:\brain_tumor\🧠 Brain Tumor MRI Dataset\classification_task\test\pituitary\brisc2025_test_00776_pi_ax_t1.jpg,2,2,True,1.0
115,218,D:\brain_tumor\🧠 Brain Tumor MRI Dataset\classification_task\test\glioma\brisc2025_test_00219_gl_sa_t1.jpg,brisc2025_test_00219_gl_sa_t1.jpg,brisc2025_test_00219_gl_sa_t1,0,glioma,sagittal,D:\brain_tumor\🧠 Brain Tumor MRI Dataset\segmentation_task\test\masks\brisc2025_test_00219_gl_sa_t1.png,filename_class_plane,D:\brain_tumor\🧠 Brain Tumor MRI Dataset\classification_task\test\glioma\brisc2025_test_00219_gl_sa_t1.jpg,0,0,True,1.0
116,937,D:\brain_tumor\🧠 Brain Tumor MRI Dataset\classification_task\test\pituitary\brisc2025_test_00938_pi_sa_t1.jpg,brisc2025_test_00938_pi_sa_t1.jpg,brisc2025_test_00938_pi_sa_t1,2,pituitary,sagittal,D:\brain_tumor\🧠 Brain Tumor MRI Dataset\segmentation_task\test\masks\brisc2025_test_00938_pi_sa_t1.png,filename_class_plane,D:\brain_tumor\🧠 Brain Tumor MRI Dataset\classification_task\test\pituitary\brisc2025_test_00938_pi_sa_t1.jpg,2,2,True,1.0
117,280,D:\brain_tumor\🧠 Brain Tumor MRI Dataset\classification_task\test\meningioma\brisc2025_test_00281_me_ax_t1.jpg,brisc2025_test_00281_me_ax_t1.jpg,brisc2025_test_00281_me_ax_t1,1,meningioma,axial,D:\brain_tumor\🧠 Brain Tumor MRI Dataset\segmentation_task\test\masks\brisc2025_test_00281_me_ax_t1.png,filename_class_plane,D:\brain_tumor\🧠 Brain Tumor MRI Dataset\classification_task\test\meningioma\brisc2025_test_00281_me_ax_t1.jpg,1,1,True,1.0
118,951,D:\brain_tumor\🧠 Brain Tumor MRI Dataset\classification_task\test\pituitary\brisc2025_test_00952_pi_sa_t1.jpg,brisc2025_test_00952_pi_sa_t1.jpg,brisc2025_test_00952_pi_sa_t1,2,pituitary,sagittal,D:\brain_tumor\🧠 Brain Tumor MRI Dataset\segmentation_task\test\masks\brisc2025_test_00952_pi_sa_t1.png,filename_class_plane,D:\brain_tumor\🧠 Brain Tumor MRI Dataset\classification_task\test\pituitary\brisc2025_test_00952_pi_sa_t1.jpg,2,2,True,1.0
119,437,D:\brain_tumor\🧠 Brain Tumor MRI Dataset\classification_task\test\meningioma\brisc2025_test_00438_me_co_t1.jpg,brisc2025_test_00438_me_co_t1.jpg,brisc2025_test_00438_me_co_t1,1,meningioma,coronal,D:\brain_tumor\🧠 Brain Tumor MRI Dataset\segmentation_task\test\masks\brisc2025_test_00438_me_co_t1.png,filename_class_plane,D:\brain_tumor\🧠 Brain Tumor MRI Dataset\classification_task\test\meningioma\brisc2025_test_00438_me_co_t1.jpg,1,1,True,1.0
120,279,D:\brain_tumor\🧠 Brain Tumor MRI Dataset\classification_task\test\meningioma\brisc2025_test_00280_me_ax_t1.jpg,brisc2025_test_00280_me_ax_t1.jpg,brisc2025_test_00280_me_ax_t1,1,meningioma,axial,D:\brain_tumor\🧠 Brain Tumor MRI Dataset\segmentation_task\test\masks\brisc2025_test_00280_me_ax_t1.png,filename_class_plane,D:\brain_tumor\🧠 Brain Tumor MRI Dataset\classification_task\test\meningioma\brisc2025_test_00280_me_ax_t1.jpg,1,1,True,1.0
121,551,D:\brain_tumor\🧠 Brain Tumor MRI Dataset\classification_task\test\meningioma\brisc2025_test_00552_me_sa_t1.jpg,brisc2025_test_00552_me_sa_t1.jpg,brisc2025_test_00552_me_sa_t1,1,meningioma,sagittal,D:\brain_tumor\🧠 Brain Tumor MRI Dataset\segmentation_task\test\masks\brisc2025_test_00552_me_sa_t1.png,filename_class_plane,D:\brain_tumor\🧠 Brain Tumor MRI Dataset\classification_task\test\meningioma\brisc2025_test_00552_me_sa_t1.jpg,1,1,True,1.0
122,236,D:\brain_tumor\🧠 Brain Tumor MRI Dataset\classification_task\test\glioma\brisc2025_test_00237_gl_sa_t1.jpg,brisc2025_test_00237_gl_sa_t1.jpg,brisc2025_test_00237_gl_sa_t1,0,glioma,sagittal,D:\brain_tumor\🧠 Brain Tumor MRI Dataset\segmentation_task\test\masks\brisc2025_test_00237_gl_sa_t1.png,filename_class_plane,D:\brain_tumor\🧠 Brain Tumor MRI Dataset\classification_task\test\glioma\brisc2025_test_00237_gl_sa_t1.jpg,0,0,True,1.0
123,383,D:\brain_tumor\🧠 Brain Tumor MRI Dataset\classification_task\test\meningioma\brisc2025_test_00384_me_ax_t1.jpg,brisc2025_test_00384_me_ax_t1.jpg,brisc2025_test_00384_me_ax_t1,1,meningioma,axial,D:\brain_tumor\🧠 Brain Tumor MRI Dataset\segmentation_task\test\masks\brisc2025_test_00384_me_ax_t1.png,filename_class_plane,D:\brain_tumor\🧠 Brain Tumor MRI Dataset\classification_task\test\meningioma\brisc2025_test_00384_me_ax_t1.jpg,1,1,True,1.0
124,515,D:\brain_tumor\🧠 Brain Tumor MRI Dataset\classification_task\test\meningioma\brisc2025_test_00516_me_sa_t1.jpg,brisc2025_test_00516_me_sa_t1.jpg,brisc2025_test_00516_me_sa_t1,1,meningioma,sagittal,D:\brain_tumor\🧠 Brain Tumor MRI Dataset\segmentation_task\test\masks\brisc2025_test_00516_me_sa_t1.png,filename_class_plane,D:\brain_tumor\🧠 Brain Tumor MRI Dataset\classification_task\test\meningioma\brisc2025_test_00516_me_sa_t1.jpg,1,1,True,1.0
125,192,D:\brain_tumor\🧠 Brain Tumor MRI Dataset\classification_task\test\glioma\brisc2025_test_00193_gl_sa_t1.jpg,brisc2025_test_00193_gl_sa_t1.jpg,brisc2025_test_00193_gl_sa_t1,0,glioma,sagittal,D:\brain_tumor\🧠 Brain Tumor MRI Dataset\segmentation_task\test\masks\brisc2025_test_00193_gl_sa_t1.png,filename_class_plane,D:\brain_tumor\🧠 Brain Tumor MRI Dataset\classification_task\test\glioma\brisc2025_test_00193_gl_sa_t1.jpg,0,0,True,1.0
126,531,D:\brain_tumor\🧠 Brain Tumor MRI Dataset\classification_task\test\meningioma\brisc2025_test_00532_me_sa_t1.jpg,brisc2025_test_00532_me_sa_t1.jpg,brisc2025_test_00532_me_sa_t1,1,meningioma,sagittal,D:\brain_tumor\🧠 Brain Tumor MRI Dataset\segmentation_task\test\masks\brisc2025_test_00532_me_sa_t1.png,filename_class_plane,D:\brain_tumor\🧠 Brain Tumor MRI Dataset\classification_task\test\meningioma\brisc2025_test_00532_me_sa_t1.jpg,1,1,True,1.0
127,821,D:\brain_tumor\🧠 Brain Tumor MRI Dataset\classification_task\test\pituitary\brisc2025_test_00822_pi_ax_t1.jpg,brisc2025_test_00822_pi_ax_t1.jpg,brisc2025_test_00822_pi_ax_t1,2,pituitary,axial,D:\brain_tumor\🧠 Brain Tumor MRI Dataset\segmentation_task\test\masks\brisc2025_test_00822_pi_ax_t1.png,filename_class_plane,D:\brain_tumor\🧠 Brain Tumor MRI Dataset\classification_task\test\pituitary\brisc2025_test_00822_pi_ax_t1.jpg,2,2,True,1.0
128,898,D:\brain_tumor\🧠 Brain Tumor MRI Dataset\classification_task\test\pituitary\brisc2025_test_00899_pi_co_t1.jpg,brisc2025_test_00899_pi_co_t1.jpg,brisc2025_test_00899_pi_co_t1,2,pituitary,coronal,D:\brain_tumor\🧠 Brain Tumor MRI Dataset\segmentation_task\test\masks\brisc2025_test_00899_pi_co_t1.png,filename_class_plane,D:\brain_tumor\🧠 Brain Tumor MRI Dataset\classification_task\test\pituitary\brisc2025_test_00899_pi_co_t1.jpg,2,2,True,1.0
129,160,D:\brain_tumor\🧠 Brain Tumor MRI Dataset\classification_task\test\glioma\brisc2025_test_00161_gl_co_t1.jpg,brisc2025_test_00161_gl_co_t1.jpg,brisc2025_test_00161_gl_co_t1,0,glioma,coronal,D:\brain_tumor\🧠 Brain Tumor MRI Dataset\segmentation_task\test\masks\brisc2025_test_00161_gl_co_t1.png,filename_class_plane,D:\brain_tumor\🧠 Brain Tumor MRI Dataset\classification_task\test\glioma\brisc2025_test_00161_gl_co_t1.jpg,0,0,True,1.0
130,305,D:\brain_tumor\🧠 Brain Tumor MRI Dataset\classification_task\test\meningioma\brisc2025_test_00306_me_ax_t1.jpg,brisc2025_test_00306_me_ax_t1.jpg,brisc2025_test_00306_me_ax_t1,1,meningioma,axial,D:\brain_tumor\🧠 Brain Tumor MRI Dataset\segmentation_task\test\masks\brisc2025_test_00306_me_ax_t1.png,filename_class_plane,D:\brain_tumor\🧠 Brain Tumor MRI Dataset\classification_task\test\meningioma\brisc2025_test_00306_me_ax_t1.jpg,1,1,True,1.0
131,932,D:\brain_tumor\🧠 Brain Tumor MRI Dataset\classification_task\test\pituitary\brisc2025_test_00933_pi_sa_t1.jpg,brisc2025_test_00933_pi_sa_t1.jpg,brisc2025_test_00933_pi_sa_t1,2,pituitary,sagittal,D:\brain_tumor\🧠 Brain Tumor MRI Dataset\segmentation_task\test\masks\brisc2025_test_00933_pi_sa_t1.png,filename_class_plane,D:\brain_tumor\🧠 Brain Tumor MRI Dataset\classification_task\test\pituitary\brisc2025_test_00933_pi_sa_t1.jpg,2,2,True,1.0
132,892,D:\brain_tumor\🧠 Brain Tumor MRI Dataset\classification_task\test\pituitary\brisc2025_test_00893_pi_co_t1.jpg,brisc2025_test_00893_pi_co_t1.jpg,brisc2025_test_00893_pi_co_t1,2,pituitary,coronal,D:\brain_tumor\🧠 Brain Tumor MRI Dataset\segmentation_task\test\masks\brisc2025_test_00893_pi_co_t1.png,filename_class_plane,D:\brain_tumor\🧠 Brain Tumor MRI Dataset\classification_task\test\pituitary\brisc2025_test_00893_pi_co_t1.jpg,2,2,True,1.0
133,246,D:\brain_tumor\🧠 Brain Tumor MRI Dataset\classification_task\test\glioma\brisc2025_test_00247_gl_sa_t1.jpg,brisc2025_test_00247_gl_sa_t1.jpg,brisc2025_test_00247_gl_sa_t1,0,glioma,sagittal,D:\brain_tumor\🧠 Brain Tumor MRI Dataset\segmentation_task\test\masks\brisc2025_test_00247_gl_sa_t1.png,filename_class_plane,D:\brain_tumor\🧠 Brain Tumor MRI Dataset\classification_task\test\glioma\brisc2025_test_00247_gl_sa_t1.jpg,0,0,True,1.0
134,935,D:\brain_tumor\🧠 Brain Tumor MRI Dataset\classification_task\test\pituitary\brisc2025_test_00936_pi_sa_t1.jpg,brisc2025_test_00936_pi_sa_t1.jpg,brisc2025_test_00936_pi_sa_t1,2,pituitary,sagittal,D:\brain_tumor\🧠 Brain Tumor MRI Dataset\segmentation_task\test\masks\brisc2025_test_00936_pi_sa_t1.png,filename_class_plane,D:\brain_tumor\🧠 Brain Tumor MRI Dataset\classification_task\test\pituitary\brisc2025_test_00936_pi_sa_t1.jpg,2,2,True,1.0
135,0,D:\brain_tumor\🧠 Brain Tumor MRI Dataset\classification_task\test\glioma\brisc2025_test_00001_gl_ax_t1.jpg,brisc2025_test_00001_gl_ax_t1.jpg,brisc2025_test_00001_gl_ax_t1,0,glioma,axial,D:\brain_tumor\🧠 Brain Tumor MRI Dataset\segmentation_task\test\masks\brisc2025_test_00001_gl_ax_t1.png,filename_class_plane,D:\brain_tumor\🧠 Brain Tumor MRI Dataset\classification_task\test\glioma\brisc2025_test_00001_gl_ax_t1.jpg,0,0,True,1.0
136,387,D:\brain_tumor\🧠 Brain Tumor MRI Dataset\classification_task\test\meningioma\brisc2025_test_00388_me_ax_t1.jpg,brisc2025_test_00388_me_ax_t1.jpg,brisc2025_test_00388_me_ax_t1,1,meningioma,axial,D:\brain_tumor\🧠 Brain Tumor MRI Dataset\segmentation_task\test\masks\brisc2025_test_00388_me_ax_t1.png,filename_class_plane,D:\brain_tumor\🧠 Brain Tumor MRI Dataset\classification_task\test\meningioma\brisc2025_test_00388_me_ax_t1.jpg,1,1,True,1.0
137,871,D:\brain_tumor\🧠 Brain Tumor MRI Dataset\classification_task\test\pituitary\brisc2025_test_00872_pi_co_t1.jpg,brisc2025_test_00872_pi_co_t1.jpg,brisc2025_test_00872_pi_co_t1,2,pituitary,coronal,D:\brain_tumor\🧠 Brain Tumor MRI Dataset\segmentation_task\test\masks\brisc2025_test_00872_pi_co_t1.png,filename_class_plane,D:\brain_tumor\🧠 Brain Tumor MRI Dataset\classification_task\test\pituitary\brisc2025_test_00872_pi_co_t1.jpg,2,2,True,1.0
138,739,D:\brain_tumor\🧠 Brain Tumor MRI Dataset\classification_task\test\pituitary\brisc2025_test_00740_pi_ax_t1.jpg,brisc2025_test_00740_pi_ax_t1.jpg,brisc2025_test_00740_pi_ax_t1,2,pituitary,axial,D:\brain_tumor\🧠 Brain Tumor MRI Dataset\segmentation_task\test\masks\brisc2025_test_00740_pi_ax_t1.png,filename_class_plane,D:\brain_tumor\🧠 Brain Tumor MRI Dataset\classification_task\test\pituitary\brisc2025_test_00740_pi_ax_t1.jpg,2,2,True,1.0
139,489,D:\brain_tumor\🧠 Brain Tumor MRI Dataset\classification_task\test\meningioma\brisc2025_test_00490_me_sa_t1.jpg,brisc2025_test_00490_me_sa_t1.jpg,brisc2025_test_00490_me_sa_t1,1,meningioma,sagittal,D:\brain_tumor\🧠 Brain Tumor MRI Dataset\segmentation_task\test\masks\brisc2025_test_00490_me_sa_t1.png,filename_class_plane,D:\brain_tumor\🧠 Brain Tumor MRI Dataset\classification_task\test\meningioma\brisc2025_test_00490_me_sa_t1.jpg,1,1,True,1.0
140,823,D:\brain_tumor\🧠 Brain Tumor MRI Dataset\classification_task\test\pituitary\brisc2025_test_00824_pi_ax_t1.jpg,brisc2025_test_00824_pi_ax_t1.jpg,brisc2025_test_00824_pi_ax_t1,2,pituitary,axial,D:\brain_tumor\🧠 Brain Tumor MRI Dataset\segmentation_task\test\masks\brisc2025_test_00824_pi_ax_t1.png,filename_class_plane,D:\brain_tumor\🧠 Brain Tumor MRI Dataset\classification_task\test\pituitary\brisc2025_test_00824_pi_ax_t1.jpg,2,2,True,1.0
141,553,D:\brain_tumor\🧠 Brain Tumor MRI Dataset\classification_task\test\meningioma\brisc2025_test_00554_me_sa_t1.jpg,brisc2025_test_00554_me_sa_t1.jpg,brisc2025_test_00554_me_sa_t1,1,meningioma,sagittal,D:\brain_tumor\🧠 Brain Tumor MRI Dataset\segmentation_task\test\masks\brisc2025_test_00554_me_sa_t1.png,filename_class_plane,D:\brain_tumor\🧠 Brain Tumor MRI Dataset\classification_task\test\meningioma\brisc2025_test_00554_me_sa_t1.jpg,1,1,True,1.0
142,434,D:\brain_tumor\🧠 Brain Tumor MRI Dataset\classification_task\test\meningioma\brisc2025_test_00435_me_co_t1.jpg,brisc2025_test_00435_me_co_t1.jpg,brisc2025_test_00435_me_co_t1,1,meningioma,coronal,D:\brain_tumor\🧠 Brain Tumor MRI Dataset\segmentation_task\test\masks\brisc2025_test_00435_me_co_t1.png,filename_class_plane,D:\brain_tumor\🧠 Brain Tumor MRI Dataset\classification_task\test\meningioma\brisc2025_test_00435_me_co_t1.jpg,1,1,True,1.0
143,870,D:\brain_tumor\🧠 Brain Tumor MRI Dataset\classification_task\test\pituitary\brisc2025_test_00871_pi_co_t1.jpg,brisc2025_test_00871_pi_co_t1.jpg,brisc2025_test_00871_pi_co_t1,2,pituitary,coronal,D:\brain_tumor\🧠 Brain Tumor MRI Dataset\segmentation_task\test\masks\brisc2025_test_00871_pi_co_t1.png,filename_class_plane,D:\brain_tumor\🧠 Brain Tumor MRI Dataset\classification_task\test\pituitary\brisc2025_test_00871_pi_co_t1.jpg,2,2,True,1.0
144,959,D:\brain_tumor\🧠 Brain Tumor MRI Dataset\classification_task\test\pituitary\brisc2025_test_00960_pi_sa_t1.jpg,brisc2025_test_00960_pi_sa_t1.jpg,brisc2025_test_00960_pi_sa_t1,2,pituitary,sagittal,D:\brain_tumor\🧠 Brain Tumor MRI Dataset\segmentation_task\test\masks\brisc2025_test_00960_pi_sa_t1.png,filename_class_plane,D:\brain_tumor\🧠 Brain Tumor MRI Dataset\classification_task\test\pituitary\brisc2025_test_00960_pi_sa_t1.jpg,2,2,True,1.0
145,163,D:\brain_tumor\🧠 Brain Tumor MRI Dataset\classification_task\test\glioma\brisc2025_test_00164_gl_co_t1.jpg,brisc2025_test_00164_gl_co_t1.jpg,brisc2025_test_00164_gl_co_t1,0,glioma,coronal,D:\brain_tumor\🧠 Brain Tumor MRI Dataset\segmentation_task\test\masks\brisc2025_test_00164_gl_co_t1.png,filename_class_plane,D:\brain_tumor\🧠 Brain Tumor MRI Dataset\classification_task\test\glioma\brisc2025_test_00164_gl_co_t1.jpg,0,0,True,1.0
146,461,D:\brain_tumor\🧠 Brain Tumor MRI Dataset\classification_task\test\meningioma\brisc2025_test_00462_me_co_t1.jpg,brisc2025_test_00462_me_co_t1.jpg,brisc2025_test_00462_me_co_t1,1,meningioma,coronal,D:\brain_tumor\🧠 Brain Tumor MRI Dataset\segmentation_task\test\masks\brisc2025_test_00462_me_co_t1.png,filename_class_plane,D:\brain_tumor\🧠 Brain Tumor MRI Dataset\classification_task\test\meningioma\brisc2025_test_00462_me_co_t1.jpg,1,1,True,1.0
147,812,D:\brain_tumor\🧠 Brain Tumor MRI Dataset\classification_task\test\pituitary\brisc2025_test_00813_pi_ax_t1.jpg,brisc2025_test_00813_pi_ax_t1.jpg,brisc2025_test_00813_pi_ax_t1,2,pituitary,axial,D:\brain_tumor\🧠 Brain Tumor MRI Dataset\segmentation_task\test\masks\brisc2025_test_00813_pi_ax_t1.png,filename_class_plane,D:\brain_tumor\🧠 Brain Tumor MRI Dataset\classification_task\test\pituitary\brisc2025_test_00813_pi_ax_t1.jpg,2,2,True,0.9995
148,55,D:\brain_tumor\🧠 Brain Tumor MRI Dataset\classification_task\test\glioma\brisc2025_test_00056_gl_ax_t1.jpg,brisc2025_test_00056_gl_ax_t1.jpg,brisc2025_test_00056_gl_ax_t1,0,glioma,axial,D:\brain_tumor\🧠 Brain Tumor MRI Dataset\segmentation_task\test\masks\brisc2025_test_00056_gl_ax_t1.png,filename_class_plane,D:\brain_tumor\🧠 Brain Tumor MRI Dataset\classification_task\test\glioma\brisc2025_test_00056_gl_ax_t1.jpg,0,0,True,1.0
149,495,D:\brain_tumor\🧠 Brain Tumor MRI Dataset\classification_task\test\meningioma\brisc2025_test_00496_me_sa_t1.jpg,brisc2025_test_00496_me_sa_t1.jpg,brisc2025_test_00496_me_sa_t1,1,meningioma,sagittal,D:\brain_tumor\🧠 Brain Tumor MRI Dataset\segmentation_task\test\masks\brisc2025_test_00496_me_sa_t1.png,filename_class_plane,D:\brain_tumor\🧠 Brain Tumor MRI Dataset\classification_task\test\meningioma\brisc2025_test_00496_me_sa_t1.jpg,1,1,True,1.0
150,752,D:\brain_tumor\🧠 Brain Tumor MRI Dataset\classification_task\test\pituitary\brisc2025_test_00753_pi_ax_t1.jpg,brisc2025_test_00753_pi_ax_t1.jpg,brisc2025_test_00753_pi_ax_t1,2,pituitary,axial,D:\brain_tumor\🧠 Brain Tumor MRI Dataset\segmentation_task\test\masks\brisc2025_test_00753_pi_ax_t1.png,filename_class_plane,D:\brain_tumor\🧠 Brain Tumor MRI Dataset\classification_task\test\pituitary\brisc2025_test_00753_pi_ax_t1.jpg,2,2,True,1.0
